published,title,apt,"vuln.id","score_data.score1",link
"Feb 9, 2024 @ 17:57:17.000","Microsoft: Outlook clients not syncing over Exchange ActiveSync","-","-","-","https://www.bleepingcomputer.com/news/microsoft/microsoft-outlook-clients-not-syncing-over-exchange-activesync/"
"Feb 9, 2024 @ 17:03:26.000","Browser-Based Phishing Attacks Increase 198%, With Evasive Attacks Increasing 206%","-","-","-","https://blog.knowbe4.com/browser-based-phishing-attacks-increase-198-with-evasive-attacks-increasing-206"
"Feb 9, 2024 @ 17:03:21.000","Calculating Materiality for SEC Rule 1.05","-","-","-","https://blog.knowbe4.com/calculating-materiality-for-sec-rule-105"
"Feb 9, 2024 @ 17:00:00.000","Dark Bounty – From Out of Scope to Out of Interest","-","-","-","https://socradar.io/dark-bounty-from-out-of-scope-to-out-of-interest/"
"Feb 9, 2024 @ 16:48:47.000","Gentoo Linux Security Advisory 202402-11","-","-","-","https://packetstormsecurity.com/files/177072/glsa-202402-11.txt"
"Feb 9, 2024 @ 16:47:26.000","Debian Security Advisory 5618-1","-","-","-","https://packetstormsecurity.com/files/177071/dsa-5618-1.txt"
"Feb 9, 2024 @ 16:45:39.000","Faraday 5.1.0","-","-","-","https://packetstormsecurity.com/files/177070/faraday-5.1.0.tar.gz"
"Feb 9, 2024 @ 16:40:41.000","IBM i Access Client Solutions Remote Credential Theft","-","-","-","https://packetstormsecurity.com/files/177069/IBMI_ACCESS_CLIENT_REMOTE_CREDENTIAL_THEFT_CVE-2024-22318.txt"
"Feb 9, 2024 @ 16:40:20.000","Ubuntu Security Notice USN-6628-1","-","-","-","https://packetstormsecurity.com/files/177068/USN-6628-1.txt"
"Feb 9, 2024 @ 16:40:03.000","Red Hat Security Advisory 2024-0764-03","-","-","-","https://packetstormsecurity.com/files/177067/RHSA-2024-0764-03.txt"
"Feb 9, 2024 @ 16:39:56.000","Red Hat Security Advisory 2024-0760-03","-","-","-","https://packetstormsecurity.com/files/177066/RHSA-2024-0760-03.txt"
"Feb 9, 2024 @ 16:39:45.000","Red Hat Security Advisory 2024-0759-03","-","-","-","https://packetstormsecurity.com/files/177065/RHSA-2024-0759-03.txt"
"Feb 9, 2024 @ 16:37:05.000","Ubuntu Security Notice USN-6625-2","-","-","-","https://packetstormsecurity.com/files/177064/USN-6625-2.txt"
"Feb 9, 2024 @ 16:36:59.000","Red Hat Security Advisory 2024-0758-03","-","-","-","https://packetstormsecurity.com/files/177063/RHSA-2024-0758-03.txt"
"Feb 9, 2024 @ 16:36:45.000","Red Hat Security Advisory 2024-0757-03","-","-","-","https://packetstormsecurity.com/files/177062/RHSA-2024-0757-03.txt"
"Feb 9, 2024 @ 16:36:33.000","Red Hat Security Advisory 2024-0756-03","-","-","-","https://packetstormsecurity.com/files/177061/RHSA-2024-0756-03.txt"
"Feb 9, 2024 @ 16:36:23.000","Red Hat Security Advisory 2024-0755-03","-","-","-","https://packetstormsecurity.com/files/177060/RHSA-2024-0755-03.txt"
"Feb 9, 2024 @ 16:36:15.000","Red Hat Security Advisory 2024-0754-03","-","-","-","https://packetstormsecurity.com/files/177059/RHSA-2024-0754-03.txt"
"Feb 9, 2024 @ 16:36:06.000","Ubuntu Security Notice USN-6627-1","-","-","-","https://packetstormsecurity.com/files/177058/USN-6627-1.txt"
"Feb 9, 2024 @ 16:35:56.000","Red Hat Security Advisory 2024-0753-03","-","-","-","https://packetstormsecurity.com/files/177057/RHSA-2024-0753-03.txt"
"Feb 9, 2024 @ 16:35:34.000","Red Hat Security Advisory 2024-0752-03","-","-","-","https://packetstormsecurity.com/files/177056/RHSA-2024-0752-03.txt"
"Feb 9, 2024 @ 16:35:27.000","Red Hat Security Advisory 2024-0751-03","-","-","-","https://packetstormsecurity.com/files/177055/RHSA-2024-0751-03.txt"
"Feb 9, 2024 @ 16:35:18.000","Red Hat Security Advisory 2024-0750-03","-","-","-","https://packetstormsecurity.com/files/177054/RHSA-2024-0750-03.txt"
"Feb 9, 2024 @ 16:35:10.000","Red Hat Security Advisory 2024-0749-03","-","-","-","https://packetstormsecurity.com/files/177053/RHSA-2024-0749-03.txt"
"Feb 9, 2024 @ 16:34:22.000","Advanced Page Visit Counter 1.0 Cross Site Scripting","-","-","-","https://packetstormsecurity.com/files/177052/apvc10-xss.txt"
"Feb 9, 2024 @ 16:33:30.000","Red Hat Security Advisory 2024-0748-03","-","-","-","https://packetstormsecurity.com/files/177051/RHSA-2024-0748-03.txt"
"Feb 9, 2024 @ 16:33:20.000","Red Hat Security Advisory 2024-0746-03","-","-","-","https://packetstormsecurity.com/files/177050/RHSA-2024-0746-03.txt"
"Feb 9, 2024 @ 16:33:11.000","Red Hat Security Advisory 2024-0745-03","-","-","-","https://packetstormsecurity.com/files/177049/RHSA-2024-0745-03.txt"
"Feb 9, 2024 @ 16:33:02.000","Red Hat Security Advisory 2024-0728-03","-","-","-","https://packetstormsecurity.com/files/177048/RHSA-2024-0728-03.txt"
"Feb 9, 2024 @ 16:32:00.000","Raspberry Robin Malware Upgrades with Discord Spread and New Exploits","-","-","-","https://thehackernews.com/2024/02/raspberry-robin-malware-upgrades-with.html"
"Feb 9, 2024 @ 16:17:30.000","Uncle Sam Sweetens The Pot With $15M Bounty On Hive Ransomware Gang Members","-","-","-","https://packetstormsecurity.com/news/view/35515/Uncle-Sam-Sweetens-The-Pot-With-15M-Bounty-On-Hive-Ransomware-Gang-Members.html"
"Feb 9, 2024 @ 16:17:28.000","New macOS Backdoor Linked To Prominent Ransomware Groups","-","-","-","https://packetstormsecurity.com/news/view/35514/New-macOS-Backdoor-Linked-To-Prominent-Ransomware-Groups.html"
"Feb 9, 2024 @ 16:17:24.000","HijackLoader Variant Evades Detection, Enhances Persistence","-","-","-","https://packetstormsecurity.com/news/view/35513/HijackLoader-Variant-Evades-Detection-Enhances-Persistence.html"
"Feb 9, 2024 @ 16:17:20.000","Fortinet Warns Of New FortiOS Zero Day","-","-","-","https://packetstormsecurity.com/news/view/35512/Fortinet-Warns-Of-New-FortiOS-Zero-Day.html"
"Feb 9, 2024 @ 16:17:13.000","Should Tech Layoffs Worry Cybersecurity Pros?","-","-","-","https://packetstormsecurity.com/news/view/35511/Should-Tech-Layoffs-Worry-Cybersecurity-Pros.html"
"Feb 9, 2024 @ 16:04:01.000","Kenya Detected Over 1B Cyber Threats in Q4","-","-","-","https://www.darkreading.com/cyberattacks-data-breaches/kenya-detected-over-one-billion-cyber-threats-in-q4"
"Feb 9, 2024 @ 16:01:56.000","Double trouble for Fortinet as it issues critical FortiSIEM vulns","-","-","-","https://go.theregister.com/feed/www.theregister.com/2024/02/06/fortinet_fortisiem_vulns/"
"Feb 9, 2024 @ 16:01:37.000","RCEs in FortiOS SSL VPN, ‘shim’; Latest Ivanti Flaw Possibly Exploited (CVE-2024-21762, CVE-2023-40547, CVE-2024-22024)","-","CVE-2024-21762","-","https://socradar.io/rces-in-fortios-ssl-vpn-shim-latest-ivanti-flaw-possibly-exploited/"
"Feb 9, 2024 @ 15:53:35.000","New RustDoor macOS malware impersonates Visual Studio update","-","-","-","https://www.bleepingcomputer.com/news/security/new-rustdoor-macos-malware-impersonates-visual-studio-update/"
"Feb 9, 2024 @ 15:52:42.000"," Ransomware in 2023 recap: 5 key takeaways ","-","-","-","https://www.malwarebytes.com/blog/threat-intelligence/2024/02/ransomware-in-2023-recap-5-key-takeaways"
"Feb 9, 2024 @ 15:34:21.000","Juniper Support Portal Exposed Customer Device Info","-","-","-","https://krebsonsecurity.com/2024/02/juniper-support-portal-exposed-customer-device-info/"
"Feb 9, 2024 @ 15:21:12.000","Americans lost record $10 billion to fraud in 2023, FTC warns","-","-","-","https://www.bleepingcomputer.com/news/security/americans-lost-record-10-billion-to-fraud-in-2023-ftc-warns/"
"Feb 9, 2024 @ 15:00:00.000","How 'Big 4' Nations' Cyber Capabilities Threaten the West","-","-","-","https://www.darkreading.com/vulnerabilities-threats/how-big-4-nations-cyber-capabilities-threaten-the-west"
"Feb 9, 2024 @ 14:56:31.000","Exploiting a vulnerable Minifilter Driver to create a process killer","-","-","-","https://securityaffairs.com/158926/hacking/process-killer-with-minifilter-driver.html"
"Feb 9, 2024 @ 14:30:14.000","Fortinet's week to forget: Critical vulns, disclosure screw-ups, and <em>that</em> toothbrush DDoS attack claim","-","-","-","https://go.theregister.com/feed/www.theregister.com/2024/02/09/a_look_at_fortinet_week/"
"Feb 9, 2024 @ 14:09:06.000","The ever-present state of cyber security alert","-","-","-","https://go.theregister.com/feed/www.theregister.com/2024/02/09/the_everpresent_state_of_cyber/"
"Feb 9, 2024 @ 13:55:21.000"," FBI and CISA publish guide to Living off the Land techniques ","-","-","-","https://www.malwarebytes.com/blog/news/2024/02/fbi-and-cisa-publish-guide-to-living-off-the-land-techniques"
"Feb 9, 2024 @ 13:50:58.000","Retrospective – SOCRadar in 2023","-","-","-","https://socradar.io/retrospective-socradar-in-2023/"
"Feb 9, 2024 @ 13:34:00.000","MoqHao Android Malware Evolves with Auto-Execution Capability","-","-","-","https://thehackernews.com/2024/02/new-variant-of-moqhao-android-malware.html"
"Feb 9, 2024 @ 13:18:12.000","Volt Typhoon Attacks: Chinese Nation-Backed Actors Focus Malicious Efforts at the US Critical Infrastructure",APT41,"-","-","https://socprime.com/blog/volt-typhoon-attacks-chinese-nation-backed-actors-focus-malicious-efforts-at-the-us-critical-infrastructure/"
"Feb 9, 2024 @ 12:08:55.000","Cybersecurity Challenges in Indonesia’s 2024 Elections","-","-","-","https://socradar.io/cybersecurity-challenges-in-indonesias-2024-elections/"
"Feb 9, 2024 @ 12:06:07.000","Fortinet Warns of Critical SSL VPN Flaw Exploited Actively in the Wild","-","CVE-2024-21762","-","https://cybersecuritynews.com/fortinet-ssl-vpn-flaw-exploited/"
"Feb 9, 2024 @ 12:00:00.000","JetBrains Releases Security Advisory for TeamCity On-Premises ","-","CVE-2024-23917","-","https://www.cisa.gov/news-events/alerts/2024/02/09/jetbrains-releases-security-advisory-teamcity-premises"
"Feb 9, 2024 @ 11:43:11.000","New Rust-Based macOS Backdoor Steals Files, Linked to Ransomware Groups","-","-","-","https://www.hackread.com/rust-macos-backdoor-steals-files-ransomware-groups/"
"Feb 9, 2024 @ 11:10:41.000","Beware of Fake LastPass Password Manager App That Steals Personal Information","-","-","-","https://cybersecuritynews.com/fake-lastpass-password-manager/"
"Feb 9, 2024 @ 11:00:00.000","2054, Part V: From Tokyo With Love","-","-","-","https://www.wired.com/story/2054-part-v-from-tokyo-with-love/"
"Feb 9, 2024 @ 10:58:00.000","Hands-on Review: Myrror Security Code-Aware and Attack-Aware SCA","-","-","-","https://thehackernews.com/2024/02/hands-on-review-myrror-security-code.html"
"Feb 9, 2024 @ 10:40:24.000","10 Best Network as a Service (NaaS) for MSSP Providers – 2024","-","-","-","https://cybersecuritynews.com/network-as-a-service-for-mssp/"
"Feb 9, 2024 @ 10:28:00.000","New Coyote Trojan Targets 61 Brazilian Banks with Nim-Powered Attack","-","-","-","https://thehackernews.com/2024/02/new-coyote-trojan-targets-61-brazilian.html"
"Feb 9, 2024 @ 09:26:17.000","QR Codes - what's the real risk?","-","-","-","https://www.ncsc.gov.uk/blog-post/qr-codes-whats-real-risk"
"Feb 9, 2024 @ 09:05:16.000","Fortinet warns of a new actively exploited RCE flaw in FortiOS SSL VPN","-","CVE-2024-21762","-","https://securityaffairs.com/158908/hacking/fortinet-fortios-rce-exploitation.html"
"Feb 9, 2024 @ 08:01:12.000","Chinese Hackers Remain Undetected in US Infrastructure Systems for Five Years","-","-","-","https://cybersecuritynews.com/chinese-hackers-us-infrastructure/"
"Feb 9, 2024 @ 07:45:00.000","Fortinet Warns of Critical FortiOS SSL VPN Flaw Likely Under Active Exploitation","-","CVE-2024-21762","-","https://thehackernews.com/2024/02/fortinet-warns-of-critical-fortios-ssl.html"
"Feb 9, 2024 @ 07:40:00.000","Wazuh in the Cloud Era: Navigating the Challenges of Cybersecurity","-","-","-","https://thehackernews.com/2024/02/wazuh-in-cloud-era-navigating.html"
"Feb 9, 2024 @ 06:55:32.000","Weekly Update 386","-","-","-","https://www.troyhunt.com/weekly-update-386/"
"Feb 9, 2024 @ 05:58:11.000","Ransomware Payments Hitting Record High, Exceed $1 Billion","-","-","-","https://cybersecuritynews.com/ransomware-payments-exceed-1-billion/"
"Feb 9, 2024 @ 05:15:07.000","India to make its digital currency programmable","-","-","-","https://go.theregister.com/feed/www.theregister.com/2024/02/09/india_programmable_money/"
"Feb 9, 2024 @ 04:03:08.000","Crime gang targeted jobseekers across Asia, looted two million email addresses","-","-","-","https://go.theregister.com/feed/www.theregister.com/2024/02/09/resume_looters_jobs_ads_malicious_code/"
"Feb 9, 2024 @ 03:35:00.000","Warning: New Ivanti Auth Bypass Flaw Affects Connect Secure and ZTA Gateways","-","CVE-2024-22024","-","https://thehackernews.com/2024/02/warning-new-ivanti-auth-bypass-flaw.html"
"Feb 9, 2024 @ 03:30:00.000","Stealthy Zardoor Backdoor Targets Saudi Islamic Charity Organization","-","-","-","https://thehackernews.com/2024/02/stealthy-zardoor-backdoor-targets-saudi.html"
"Feb 9, 2024 @ 02:57:07.000","Uncle Sam sweetens the pot with $15M bounty on Hive ransomware gang members","-","-","-","https://go.theregister.com/feed/www.theregister.com/2024/02/09/hive_leaders_bounty/"
"Feb 9, 2024 @ 00:26:18.000","FBI: Give us warrantless Section 702 snooping powers – or China wins","-","-","-","https://go.theregister.com/feed/www.theregister.com/2024/02/09/fbi_volt_typhoon_section_702/"
"Feb 9, 2024 @ 00:00:00.000","Risky Biz News: Ransomware passed $1 billion mark in 2023","-","-","-","https://risky.biz/RBNEWS247"
"Feb 8, 2024 @ 23:11:05.000","New Fortinet RCE flaw in SSL VPN likely exploited in attacks","-","-","-","https://www.bleepingcomputer.com/news/security/new-fortinet-rce-flaw-in-ssl-vpn-likely-exploited-in-attacks/"
"Feb 8, 2024 @ 22:16:25.000","A password manager LastPass calls “fraudulent” booted from App Store","-","-","-","https://arstechnica.com/?p=2002178"
"Feb 8, 2024 @ 22:09:55.000","Billington CyberSecurity to Host 1st State and Local Cyber Summit in Wake of Serious Cyberattacks","-","-","-","https://www.darkreading.com/cyberattacks-data-breaches/billington-cybersecurity-to-host-1st-state-and-local-cyber-summit-in-wake-of-serious-cyber-attacks-on-state-and-local-governments"
"Feb 8, 2024 @ 22:05:51.000","etherFAX Pioneering Interoperable Secure Cloud Fax Standards","-","-","-","https://www.darkreading.com/endpoint-security/etherfax-pioneering-interoperable-secure-cloud-fax-standards"
"Feb 8, 2024 @ 21:59:40.000","Fake LastPass lookalike made it into Apple App Store","-","-","-","https://go.theregister.com/feed/www.theregister.com/2024/02/08/lastpass_lookalike_apple_app_store/"
"Feb 8, 2024 @ 21:35:36.000","Microsoft fixes Copilot issue blocking Windows 11 upgrades","-","-","-","https://www.bleepingcomputer.com/news/microsoft/microsoft-fixes-copilot-issue-blocking-windows-11-upgrades/"
"Feb 8, 2024 @ 21:14:16.000","'Coyote' Malware Begins Its Hunt, Preying on 61 Banking Apps","-","-","-","https://www.darkreading.com/threat-intelligence/coyote-malware-preying-61-banking-apps"
"Feb 8, 2024 @ 21:12:13.000","US offers $10 million reward for info on Hive ransomware group leaders","-","-","-","https://securityaffairs.com/158871/cyber-crime/10m-reward-hive-ransomware-group.html"
"Feb 8, 2024 @ 20:55:36.000","QR Code 'Quishing' Attacks on Execs Surge, Evading Email Security","-","-","-","https://www.darkreading.com/endpoint-security/qr-code-quishing-attacks-execs-email-security"
"Feb 8, 2024 @ 20:38:22.000","Why Demand for Tabletop Exercises Is Growing","-","-","-","https://www.darkreading.com/cybersecurity-operations/why-demand-for-tabletop-exercises-is-growing"
"Feb 8, 2024 @ 20:16:15.000","Hyundai Motor Europe hit by Black Basta ransomware attack","-","-","-","https://www.bleepingcomputer.com/news/security/hyundai-motor-europe-hit-by-black-basta-ransomware-attack/"
"Feb 8, 2024 @ 19:45:52.000","Ivanti: Patch new Connect Secure auth bypass bug immediately","-","-","-","https://www.bleepingcomputer.com/news/security/ivanti-patch-new-connect-secure-auth-bypass-bug-immediately/"
"Feb 8, 2024 @ 19:41:03.000","Cybersecurity Resiliency and Your Board of Directors","-","-","-","https://blog.knowbe4.com/cybersecurity-resiliency-and-your-board-of-directors"
"Feb 8, 2024 @ 19:40:58.000","Watch Out For Valentine’s Day Romance Scams","-","-","-","https://blog.knowbe4.com/watch-out-for-valentines-day-romance-scams"
"Feb 8, 2024 @ 19:36:25.000","Top 10 Security Service Edge (SSE) Solutions for Network Security – 2024","-","-","-","https://cybersecuritynews.com/security-service-edge/"
"Feb 8, 2024 @ 19:26:35.000","Epik, the Far Right's Favorite Web Host, Has a Shadowy New Owner","-","-","-","https://www.wired.com/story/epik-domain-registrar-new-owner/"
"Feb 8, 2024 @ 19:04:52.000","Unraveling the truth behind the DDoS attack from electric toothbrushes","-","-","-","https://securityaffairs.com/158855/iot/electric-toothbrushes-ddos-attack.html"
"Feb 8, 2024 @ 18:53:57.000","Microsoft unveils new 'Sudo for Windows' feature in Windows 11","-","-","-","https://www.bleepingcomputer.com/news/microsoft/microsoft-unveils-new-sudo-for-windows-feature-in-windows-11/"
"Feb 8, 2024 @ 18:34:14.000","Android XLoader malware can now auto-execute after installation","-","-","-","https://www.bleepingcomputer.com/news/security/android-xloader-malware-can-now-auto-execute-after-installation/"
"Feb 8, 2024 @ 18:00:00.000","5 AI Priorities to Stay Competitive","-","-","-","https://www.darkreading.com/vulnerabilities-threats/5-ai-priorities-to-stay-competitive"
"Feb 8, 2024 @ 17:59:42.000","US offers $10 million for tips on Hive ransomware leadership","-","-","-","https://www.bleepingcomputer.com/news/security/us-offers-10-million-for-tips-on-hive-ransomware-leadership/"
"Feb 8, 2024 @ 17:56:24.000","Round 3! The toothbrush DDoS attack saga continues: Newspaper counters Fortinet’s translation claim in contentious interview","-","-","-","https://grahamcluley.com/round-3-in-the-toothbrush-ddos-debacle/"
"Feb 8, 2024 @ 17:55:08.000","London Underground Is Testing Real-Time AI Surveillance Tools to Spot Crime","-","-","-","https://www.wired.com/story/london-underground-ai-surveillance-documents/"
"Feb 8, 2024 @ 17:52:06.000","LastPass Warns on Password App Discovered in Apple App Store","-","-","-","https://www.darkreading.com/endpoint-security/lastpass-warns-password-app-apple-app-store"
"Feb 8, 2024 @ 17:43:35.000","Google debuts more powerful “Ultra 1.0” AI model in rebranded “Gemini” chatbot","-","-","-","https://arstechnica.com/?p=2001738"
"Feb 8, 2024 @ 17:22:40.000","Super Bowl LVIII Presents a Vast Attack Surface for Threat Actors","-","-","-","https://www.darkreading.com/ics-ot-security/super-bowl-lviii-vast-attack-surface-threat-actors"
"Feb 8, 2024 @ 17:15:11.000","Raspberry Robin devs are buying exploits for faster attacks","-","-","-","https://go.theregister.com/feed/www.theregister.com/2024/02/08/raspberry_robin_bought_exploits/"
"Feb 8, 2024 @ 17:02:26.000","Fake LastPass password manager spotted on Apple’s App Store","-","-","-","https://www.bleepingcomputer.com/news/security/fake-lastpass-password-manager-spotted-on-apples-app-store/"
"Feb 8, 2024 @ 16:54:17.000","Iran-Israel Cyber War Goes Global","-","-","-","https://www.darkreading.com/ics-ot-security/iran-israel-cyber-war-goes-global"
"Feb 8, 2024 @ 16:34:52.000","'Ov3r_Stealer' Malware Spreads Through Facebook to Steal Crates of Info","-","-","-","https://www.darkreading.com/endpoint-security/novel-ov3r_stealer-spreads-facebook-steal-info"
"Feb 8, 2024 @ 15:48:59.000","US insurance firms sound alarm after 66,000 individuals impacted by SIM swap attack","-","-","-","https://www.bitdefender.com/blog/hotforsecurity/us-insurance-firms-sound-alarm-after-66-000-individuals-impacted-by-sim-swap-attack/"
"Feb 8, 2024 @ 15:45:09.000","RECON 2024 Call For Papers","-","-","-","https://packetstormsecurity.com/files/177035/reconCFP2024.txt"
"Feb 8, 2024 @ 15:44:26.000","Data breaches at Viamedis and Almerys impact 33 million in France","-","-","-","https://www.bleepingcomputer.com/news/security/data-breaches-at-viamedis-and-almerys-impact-33-million-in-france/"
"Feb 8, 2024 @ 15:41:26.000","SOC Prime Platform Now Supports the MITRE ATT&CK® Framework v14.1 ","-","-","-","https://socprime.com/news/soc-prime-platform-now-supports-the-mitre-attck-framework-v14-1/"
"Feb 8, 2024 @ 15:29:35.000","Clam AntiVirus Toolkit 1.3.0","-","-","-","https://packetstormsecurity.com/files/177034/clamav-1.3.0.tar.gz"
"Feb 8, 2024 @ 15:24:46.000","Suricata IDPE 7.0.3","-","-","-","https://packetstormsecurity.com/files/177033/suricata-7.0.3.tar.gz"
"Feb 8, 2024 @ 15:14:42.000","KiTTY 0.76.1.13 Buffer Overflows","-","-","-","https://packetstormsecurity.com/files/177032/kitty-overflows.tgz"
"Feb 8, 2024 @ 15:08:39.000","KiTTY 0.76.1.13 Command Injection","-","-","-","https://packetstormsecurity.com/files/177031/CVE-2024-23749.py.txt"
"Feb 8, 2024 @ 15:02:39.000","Ubuntu Security Notice USN-6626-1","-","-","-","https://packetstormsecurity.com/files/177030/USN-6626-1.txt"
"Feb 8, 2024 @ 15:02:02.000","Pakistan Invests $36M in National Cybersecurity","-","-","-","https://www.darkreading.com/cybersecurity-operations/pakistan-invests-36-million-in-national-cybersecurity"
"Feb 8, 2024 @ 15:00:15.000","Kernel Live Patch Security Notice LSN-0100-1","-","-","-","https://packetstormsecurity.com/files/177029/LSN-0100-1.txt"
"Feb 8, 2024 @ 15:00:00.000","How Hospitals Can Help Improve Medical Device Data Security","-","-","-","https://www.darkreading.com/vulnerabilities-threats/how-hospitals-can-help-improve-medical-device-data-security"
"Feb 8, 2024 @ 15:00:00.000","How to Combat Fraud with Threat Intelligence: Cutting-Edge Pathway","-","-","-","https://socradar.io/how-to-combat-fraud-with-threat-intelligence-cutting-edge-pathway/"
"Feb 8, 2024 @ 14:13:42.000","Surge in deepfake “Face Swap” attacks puts remote identity verification at risk","-","-","-","https://www.tripwire.com/state-of-security/surge-deepfake-face-swap-attacks-puts-remote-identity-verification-risk"
"Feb 8, 2024 @ 14:08:48.000"," Warning from LastPass as fake app found on Apple App Store ","-","-","-","https://www.malwarebytes.com/blog/news/2024/02/warning-from-lastpass-as-fake-app-found-on-apple-app-store"
"Feb 8, 2024 @ 14:00:14.000","Cybercrime duo accused of picking $2.5M from Apple's orchard","-","-","-","https://go.theregister.com/feed/www.theregister.com/2024/02/08/security_research_apple_fraud/"
"Feb 8, 2024 @ 14:00:00.000","China Caught Dropping RAT Designed for FortiGate Devices","-","-","-","https://www.darkreading.com/endpoint-security/china-dropping-rat-designed-fortigate-devices"
"Feb 8, 2024 @ 13:57:31.000","Ubuntu Security Notice USN-6625-1","-","-","-","https://packetstormsecurity.com/files/177028/USN-6625-1.txt"
"Feb 8, 2024 @ 13:57:17.000","Debian Security Advisory 5617-1","-","-","-","https://packetstormsecurity.com/files/177027/dsa-5617-1.txt"
"Feb 8, 2024 @ 13:56:55.000","Ubuntu Security Notice USN-6624-1","-","-","-","https://packetstormsecurity.com/files/177026/USN-6624-1.txt"
"Feb 8, 2024 @ 13:56:08.000","Red Hat Security Advisory 2024-0733-03","-","-","-","https://packetstormsecurity.com/files/177025/RHSA-2024-0733-03.txt"
"Feb 8, 2024 @ 13:55:58.000","Red Hat Security Advisory 2024-0729-03","-","-","-","https://packetstormsecurity.com/files/177024/RHSA-2024-0729-03.txt"
"Feb 8, 2024 @ 13:55:50.000","Red Hat Security Advisory 2024-0725-03","-","-","-","https://packetstormsecurity.com/files/177023/RHSA-2024-0725-03.txt"
"Feb 8, 2024 @ 13:55:39.000","Red Hat Security Advisory 2024-0724-03","-","-","-","https://packetstormsecurity.com/files/177022/RHSA-2024-0724-03.txt"
"Feb 8, 2024 @ 13:55:30.000","Red Hat Security Advisory 2024-0723-03","-","-","-","https://packetstormsecurity.com/files/177021/RHSA-2024-0723-03.txt"
"Feb 8, 2024 @ 13:55:21.000","Red Hat Security Advisory 2024-0720-03","-","-","-","https://packetstormsecurity.com/files/177020/RHSA-2024-0720-03.txt"
"Feb 8, 2024 @ 13:55:09.000","Red Hat Security Advisory 2024-0719-03","-","-","-","https://packetstormsecurity.com/files/177019/RHSA-2024-0719-03.txt"
"Feb 8, 2024 @ 13:54:53.000","Red Hat Security Advisory 2024-0717-03","-","-","-","https://packetstormsecurity.com/files/177018/RHSA-2024-0717-03.txt"
"Feb 8, 2024 @ 13:54:34.000","Red Hat Security Advisory 2024-0716-03","-","-","-","https://packetstormsecurity.com/files/177017/RHSA-2024-0716-03.txt"
"Feb 8, 2024 @ 13:54:03.000","Red Hat Security Advisory 2024-0695-03","-","-","-","https://packetstormsecurity.com/files/177016/RHSA-2024-0695-03.txt"
"Feb 8, 2024 @ 13:53:51.000","Red Hat Security Advisory 2024-0694-03","-","-","-","https://packetstormsecurity.com/files/177015/RHSA-2024-0694-03.txt"
"Feb 8, 2024 @ 13:53:39.000","Red Hat Security Advisory 2024-0660-03","-","-","-","https://packetstormsecurity.com/files/177014/RHSA-2024-0660-03.txt"
"Feb 8, 2024 @ 13:53:27.000","Red Hat Security Advisory 2024-0642-03","-","-","-","https://packetstormsecurity.com/files/177013/RHSA-2024-0642-03.txt"
"Feb 8, 2024 @ 13:53:17.000","Red Hat Security Advisory 2024-0641-03","-","-","-","https://packetstormsecurity.com/files/177012/RHSA-2024-0641-03.txt"
"Feb 8, 2024 @ 13:47:49.000","MediaTek WLAN Driver Memory Corruption","-","-","-","https://packetstormsecurity.com/files/177011/GS20240208134608.tgz"
"Feb 8, 2024 @ 13:45:36.000","Deepfake Face Swap Attacks On ID Verification Systems Up By 704% In 2023","-","-","-","https://packetstormsecurity.com/news/view/35510/Deepfake-Face-Swap-Attacks-On-ID-Verification-Systems-Up-By-704-In-2023.html"
"Feb 8, 2024 @ 13:45:34.000","Iran-Backed Hackers Interrupt UAE TV With Deepfake News","-","-","-","https://packetstormsecurity.com/news/view/35509/Iran-Backed-Hackers-Interrupt-UAE-TV-With-Deepfake-News.html"
"Feb 8, 2024 @ 13:45:30.000","Were 3 Million Toothbrushes Really Used For A DDoS Attack?","-","-","-","https://packetstormsecurity.com/news/view/35508/Were-3-Million-Toothbrushes-Really-Used-For-A-DDoS-Attack.html"
"Feb 8, 2024 @ 13:45:24.000","US Says China's Volt Typhoon Hackers Pre-Positioning For Cyberattacks Against Critical Infrastructure","-","-","-","https://packetstormsecurity.com/news/view/35507/US-Says-Chinas-Volt-Typhoon-Hackers-Pre-Positioning-For-Cyberattacks-Against-Critical-Infrastructure.html"
"Feb 8, 2024 @ 13:45:19.000","Raspberry Pi Pico Cracks BitLocker In Under A Minute","-","-","-","https://packetstormsecurity.com/news/view/35506/Raspberry-Pi-Pico-Cracks-BitLocker-In-Under-A-Minute.html"
"Feb 8, 2024 @ 13:42:08.000"," 2 million job seekers targeted by data thieves ","-","-","-","https://www.malwarebytes.com/blog/news/2024/02/2-million-job-seekers-targeted-by-data-thieves"
"Feb 8, 2024 @ 13:32:18.000","Raspberry Pi Pico cracks BitLocker in under a minute","-","-","-","https://go.theregister.com/feed/www.theregister.com/2024/02/07/breaking_bitlocker_pi_pico/"
"Feb 8, 2024 @ 13:14:53.000","Cisco Fixed Critical CSRF Flaws in Expressway Gateways (CVE-2024-20252 and CVE-2024-20254)","-","CVE-2024-20252","-","https://socradar.io/cisco-fixed-critical-csrf-flaws-in-expressway-gateways/"
"Feb 8, 2024 @ 13:05:00.000","Chinese Hackers Operate Undetected in U.S. Critical Infrastructure for Half a Decade","-","-","-","https://thehackernews.com/2024/02/chinese-hackers-operate-undetected-in.html"
"Feb 8, 2024 @ 13:00:00.000","Unprecedented Rise of Malvertising as a Precursor to Ransomware","-","-","-","https://blog.knowbe4.com/malvertising-on-the-rise"
"Feb 8, 2024 @ 13:00:00.000","81% of Organizations Cite Phishing as the Top Security Risk","-","-","-","https://blog.knowbe4.com/organizations-cite-phishing-top-security-risk"
"Feb 8, 2024 @ 13:00:00.000","IoT/OT Network Adversaries Advance Amidst Bug Barrage","-","-","-","https://www.darkreading.com/iot/iot-networks-face-bug-barrage-advancing-adversaries"
"Feb 8, 2024 @ 12:00:00.000","I Stopped Using Passwords. It's Great—and a Total Mess","-","-","-","https://www.wired.com/story/stopped-using-passwords-passkeys/"
"Feb 8, 2024 @ 12:00:00.000","Cisco Releases Security Advisory for Vulnerabilities in Cisco Expressway Series","-","-","-","https://www.cisa.gov/news-events/alerts/2024/02/08/cisco-releases-security-advisory-vulnerabilities-cisco-expressway-series"
"Feb 8, 2024 @ 12:00:00.000","CISA Releases Two Industrial Control Systems Advisories","-","-","-","https://www.cisa.gov/news-events/alerts/2024/02/08/cisa-releases-two-industrial-control-systems-advisories"
"Feb 8, 2024 @ 12:00:00.000","CISA Partners With OpenSSF Securing Software Repositories Working Group to Release Principles for Package Repository Security","-","-","-","https://www.cisa.gov/news-events/alerts/2024/02/08/cisa-partners-openssf-securing-software-repositories-working-group-release-principles-package"
"Feb 8, 2024 @ 11:33:46.000","Google teases a new modern look for sign-in pages, including Gmail","-","-","-","https://www.bleepingcomputer.com/news/google/google-teases-a-new-modern-look-for-sign-in-pages-including-gmail/"
"Feb 8, 2024 @ 11:25:17.000","ANY.RUN Sandbox Now Analyzes Complex Linux Malware For SOC & DFIR Teams","-","-","-","https://cybersecuritynews.com/any-run-sandbox-analyzes-linux-malware/"
"Feb 8, 2024 @ 11:01:43.000","China-linked APT Volt Typhoon remained undetected for years in US infrastructure","-","-","-","https://securityaffairs.com/158842/apt/apt-volt-typhoon-us-infrastructure.html"
"Feb 8, 2024 @ 11:00:00.000","2054, Part IV: A Nation Divided","-","-","-","https://www.wired.com/story/2054-part-iv-a-nation-divided/"
"Feb 8, 2024 @ 10:56:25.000","Dark Peep #10: The Cold of Russia 2.0","-","-","-","https://socradar.io/dark-peep-10-the-cold-of-russia-2-0/"
"Feb 8, 2024 @ 10:39:00.000","Unified Identity – look for the meaning behind the hype! ","-","-","-","https://thehackernews.com/2024/02/unified-identity-look-for-meaning.html"
"Feb 8, 2024 @ 10:28:00.000","HijackLoader Evolves: Researchers Decode the Latest Evasion Methods","-","-","-","https://thehackernews.com/2024/02/hijackloader-evolves-researchers-decode.html"
"Feb 8, 2024 @ 10:17:00.000","Google Starts Blocking Sideloading of Potentially Dangerous Android Apps in Singapore","-","-","-","https://thehackernews.com/2024/02/google-starts-blocking-sideloading-of.html"
"Feb 8, 2024 @ 10:02:54.000","Tooth be told: Toothbrush DDoS attack claim was lost in translation, claims Fortinet","-","-","-","https://grahamcluley.com/tooth-be-told-toothbrush-ddos-attack-claim-was-lost-in-translation-says-fortinet/"
"Feb 8, 2024 @ 09:57:55.000","Chinese Hackers Infiltrate Dutch Defense Networks with Coathanger RAT","-","-","-","https://www.hackread.com/chinese-hackers-dutch-defense-coathanger-rat/"
"Feb 8, 2024 @ 09:19:22.000","10 Best VPN Alternative Solutions in 2024","-","-","-","https://cybersecuritynews.com/vpn-alternatives/"
"Feb 8, 2024 @ 09:05:35.000","Spyware Vendors Behind 50% of 0-day Exploits: Google Said","-","-","-","https://cybersecuritynews.com/spyware-vendors-0-day/"
"Feb 8, 2024 @ 07:28:12.000","Rust can help make software secure – but it's no cure-all","-","-","-","https://go.theregister.com/feed/www.theregister.com/2024/02/08/rust_software_memory_safety/"
"Feb 8, 2024 @ 06:53:00.000","Kimsuky's New Golang Stealer 'Troll' and 'GoBear' Backdoor Target South Korea","-","-","-","https://thehackernews.com/2024/02/kimsukys-new-golang-stealer-troll-and.html"
"Feb 8, 2024 @ 05:10:00.000","Critical Patches Released for New Flaws in Cisco, Fortinet, VMware Products","-","CVE-2024-20252","-","https://thehackernews.com/2024/02/critical-patches-released-for-new-flaws.html"
"Feb 8, 2024 @ 00:55:41.000","Fortinet warns of new FortiSIEM RCE bugs in confusing disclosure","-","-","-","https://www.bleepingcomputer.com/news/security/fortinet-warns-of-new-fortisiem-rce-bugs-in-confusing-disclosure/"
"Feb 8, 2024 @ 00:06:00.000","IT suppliers hacked off with Uncle Sam's demands in aftermath of cyberattacks","-","-","-","https://go.theregister.com/feed/www.theregister.com/2024/02/08/us_tech_industry_changes/"
"Feb 8, 2024 @ 00:05:16.000","The spyware business is booming despite government crackdowns","-","-","-","https://go.theregister.com/feed/www.theregister.com/2024/02/07/spyware_business_booming/"
"Feb 8, 2024 @ 00:01:30.000","Smashing Security podcast #358: Hong Kong hijinks, pig butchers, and poor ransomware gangs","-","-","-","https://grahamcluley.com/smashing-security-podcast-358/"
"Feb 8, 2024 @ 00:00:00.000","Srsly Risky Biz: Beating back Volt Typhoon","-","-","-","https://risky.biz/SRB65"
"Feb 7, 2024 @ 23:12:03.000","China's Cyberattackers Maneuver to Disrupt US Critical Infrastructure","-","-","-","https://www.darkreading.com/threat-intelligence/china-cyberattackers-disrupt-us-critical-infrastructure"
"Feb 7, 2024 @ 22:52:11.000","Data Breach Affects 66,000 in SIM-Swapping Attacks on US Insurance Giants","-","-","-","https://www.hackread.com/data-breach-sim-swapping-attacks-us-insurance/"
"Feb 7, 2024 @ 22:50:14.000","Volt Typhoon not the only Chinese crew lurking in US energy, critical networks","-","-","-","https://go.theregister.com/feed/www.theregister.com/2024/02/07/its_not_just_volt_typhoon/"
"Feb 7, 2024 @ 22:41:00.000","US says China's Volt Typhoon is readying destructive cyberattacks","-","-","-","https://go.theregister.com/feed/www.theregister.com/2024/02/07/us_chinas_volt_typhoon_attacks/"
"Feb 7, 2024 @ 22:18:52.000","The toothbrush DDoS attack: How misinformation spreads in the cybersecurity world","-","-","-","https://grahamcluley.com/the-toothbrush-ddos-attack-how-misinformation-spreads-in-the-cybersecurity-world/"
"Feb 7, 2024 @ 22:17:19.000","Linux Distros Hit by RCE Vulnerability in Shim Bootloader","-","CVE-2023-40547","-","https://www.darkreading.com/vulnerabilities-threats/rce-vulnerability-in-shim-bootloader-impacts-all-linux-distros"
"Feb 7, 2024 @ 22:07:29.000","Kibana 8.12.1, 7.17.18 Security Update (ESA-2024-04)","-","CVE-2023-7024","-","https://discuss.elastic.co/t/kibana-8-12-1-7-17-18-security-update-esa-2024-04/352805"
"Feb 7, 2024 @ 22:07:29.000","Kibana 8.12.1, 7.17.18 Security Update","-","CVE-2023-7024","-","https://discuss.elastic.co/t/kibana-8-12-1-7-17-18-security-update/352805"
"Feb 7, 2024 @ 21:24:17.000","Facebook ads push new Ov3r_Stealer password-stealing malware","-","-","-","https://www.bleepingcomputer.com/news/security/facebook-ads-push-new-ov3r-stealer-password-stealing-malware/"
"Feb 7, 2024 @ 21:13:33.000","Fulton County Court System Still Hobbled by Cyberattack","-","-","-","https://www.darkreading.com/cyberattacks-data-breaches/fulton-county-court-system-damage-unresolved-after-cyberattack"
"Feb 7, 2024 @ 21:10:24.000","New Report From Flare Highlights Pervasive Threat of Initial Access Brokers in NATO Countries","-","-","-","https://www.darkreading.com/threat-intelligence/new-report-from-flare-highlights-pervasive-threat-of-initial-access-brokers-in-nato-countries"
"Feb 7, 2024 @ 20:39:19.000","Managed Everything? Vendors Shift Focus to Services","-","-","-","https://www.darkreading.com/cyber-risk/managed-everything-vendors-shifting-to-services"
"Feb 7, 2024 @ 20:35:49.000","Half of polled infosec pros say their degree was less than useful for real-world work","-","-","-","https://go.theregister.com/feed/www.theregister.com/2024/02/07/kaspersky_infosec_cso/"
"Feb 7, 2024 @ 20:15:44.000","Denmark orders schools to stop sending student data to Google","-","-","-","https://www.bleepingcomputer.com/news/google/denmark-orders-schools-to-stop-sending-student-data-to-google/"
"Feb 7, 2024 @ 20:08:11.000","Chinese hackers hid in US infrastructure network for 5 years","-","-","-","https://www.bleepingcomputer.com/news/security/chinese-hackers-hid-in-us-infrastructure-network-for-5-years/"
"Feb 7, 2024 @ 19:30:11.000","CISA adds Google Chromium V8 Type Confusion bug to its Known Exploited Vulnerabilities catalog","-","CVE-2023-4762","-","https://securityaffairs.com/158820/security/cisa-adds-google-chromium-v8-type-confusion-bug-to-its-known-exploited-vulnerabilities-catalog.html"
"Feb 7, 2024 @ 19:12:54.000","DEF CON is canceled! No, really this time – but the show will go on","-","-","-","https://go.theregister.com/feed/www.theregister.com/2024/02/07/def_con_canceled/"
"Feb 7, 2024 @ 18:57:34.000","Google tests blocking side-loaded Android apps with risky permissions","-","-","-","https://www.bleepingcomputer.com/news/security/google-tests-blocking-side-loaded-android-apps-with-risky-permissions/"
"Feb 7, 2024 @ 18:22:35.000","Feds: Chinese hacking operations have been in critical infrastructure networks for five years","-","-","-","https://cyberscoop.com/feds-chinese-hacking-operations-have-been-in-critical-infrastructure-networks-for-five-years/"
"Feb 7, 2024 @ 18:22:29.000","Critical Cisco bug exposes Expressway gateways to CSRF attacks","-","-","-","https://www.bleepingcomputer.com/news/security/critical-cisco-bug-exposes-expressway-gateways-to-csrf-attacks/"
"Feb 7, 2024 @ 18:17:02.000","Patch Now: Critical TeamCity Bug Allows for Server Takeovers","-","-","-","https://www.darkreading.com/vulnerabilities-threats/patch-critical-teamcity-bug-server-takeover"
"Feb 7, 2024 @ 17:24:32.000","Q&amp;A: Tel Aviv Railway Project Bakes In Cyber Defenses","-","-","-","https://www.darkreading.com/ics-ot-security/tel-aviv-railway-project-bakes-in-cyber-defenses"
"Feb 7, 2024 @ 17:21:29.000","The unlikely 3 million electric toothbrush DDoS attack","-","-","-","https://www.bleepingcomputer.com/news/security/the-unlikely-3-million-electric-toothbrush-ddos-attack/"
"Feb 7, 2024 @ 17:21:29.000","No, 3 million electric toothbrushes were not used in a DDoS attack","-","-","-","https://www.bleepingcomputer.com/news/security/no-3-million-electric-toothbrushes-were-not-used-in-a-ddos-attack/"
"Feb 7, 2024 @ 17:10:18.000","From Cybercrime Saul Goodman to the Russian GRU","-","-","-","https://krebsonsecurity.com/2024/02/from-cybercrime-saul-goodman-to-the-russian-gru/"
"Feb 7, 2024 @ 16:56:37.000","Iran's cyber operations in Israel a potential prelude to US election interference","-","-","-","https://go.theregister.com/feed/www.theregister.com/2024/02/07/irans_cyber_operations_in_israel/"
"Feb 7, 2024 @ 16:43:25.000"," How to tell if your toothbrush is being used in a DDoS attack ","-","-","-","https://www.malwarebytes.com/blog/awareness/2024/02/how-to-tell-if-your-toothbrush-is-being-used-in-a-ddos-attack"
"Feb 7, 2024 @ 15:55:17.000","Critical flaw in Shim bootloader impacts major Linux distros","-","-","-","https://www.bleepingcomputer.com/news/security/critical-flaw-in-shim-bootloader-impacts-major-linux-distros/"
"Feb 7, 2024 @ 15:21:24.000","Fwknop Port Knocking Utility 2.6.11","-","-","-","https://packetstormsecurity.com/files/177010/fwknop-2.6.11.tar.gz"
"Feb 7, 2024 @ 15:18:35.000","Ubuntu Security Notice USN-6610-2","-","-","-","https://packetstormsecurity.com/files/177009/USN-6610-2.txt"
"Feb 7, 2024 @ 15:18:18.000","Ubuntu Security Notice USN-6609-3","-","-","-","https://packetstormsecurity.com/files/177008/USN-6609-3.txt"
"Feb 7, 2024 @ 15:18:04.000","Ubuntu Security Notice USN-6623-1","-","-","-","https://packetstormsecurity.com/files/177007/USN-6623-1.txt"
"Feb 7, 2024 @ 15:16:48.000","Red Hat Security Advisory 2024-0714-03","-","-","-","https://packetstormsecurity.com/files/177006/RHSA-2024-0714-03.txt"
"Feb 7, 2024 @ 15:16:31.000","Red Hat Security Advisory 2024-0712-03","-","-","-","https://packetstormsecurity.com/files/177005/RHSA-2024-0712-03.txt"
"Feb 7, 2024 @ 15:16:22.000","Red Hat Security Advisory 2024-0711-03","-","-","-","https://packetstormsecurity.com/files/177004/RHSA-2024-0711-03.txt"
"Feb 7, 2024 @ 15:16:11.000","Red Hat Security Advisory 2024-0710-03","-","-","-","https://packetstormsecurity.com/files/177003/RHSA-2024-0710-03.txt"
"Feb 7, 2024 @ 15:16:01.000","Red Hat Security Advisory 2024-0705-03","-","-","-","https://packetstormsecurity.com/files/177002/RHSA-2024-0705-03.txt"
"Feb 7, 2024 @ 15:15:52.000","Red Hat Security Advisory 2024-0702-03","-","-","-","https://packetstormsecurity.com/files/177001/RHSA-2024-0702-03.txt"
"Feb 7, 2024 @ 15:15:13.000","Chinese Hackers Exploited Fortinet Zero-day Flaw to Hack Dutch Defense Networks","-","CVE-2022-42475","-","https://cybersecuritynews.com/chinese-hackers-fortinet-zero-day/"
"Feb 7, 2024 @ 15:14:50.000","Verizon Discloses Internal Data Breach Impacting 63,000 Employees","-","-","-","https://packetstormsecurity.com/news/view/35505/Verizon-Discloses-Internal-Data-Breach-Impacting-63-000-Employees.html"
"Feb 7, 2024 @ 15:14:48.000","Crypto Ransom Attack Payments Hit Record $1 Billion In 2023","-","-","-","https://packetstormsecurity.com/news/view/35504/Crypto-Ransom-Attack-Payments-Hit-Record-1-Billion-In-2023.html"
"Feb 7, 2024 @ 15:14:31.000","The Spyware Business Is Booming Despite Government Crackdowns","-","-","-","https://packetstormsecurity.com/news/view/35503/The-Spyware-Business-Is-Booming-Despite-Government-Crackdowns.html"
"Feb 7, 2024 @ 15:14:24.000","Critical Vulnerability Affecting Most Linux Distros Allows For Bootkits","-","-","-","https://packetstormsecurity.com/news/view/35502/Critical-Vulnerability-Affecting-Most-Linux-Distros-Allows-For-Bootkits.html"
"Feb 7, 2024 @ 15:14:18.000","Spoutible's API Leaked 2FA Seeds, Password Reset Tokens","-","-","-","https://packetstormsecurity.com/news/view/35501/Spoutibles-API-Leaked-2FA-Seeds-Password-Reset-Tokens.html"
"Feb 7, 2024 @ 15:14:12.000","JetBrains Urges Swift Patching Of Latest Critical TeamCity Flaw","-","-","-","https://packetstormsecurity.com/news/view/35500/JetBrains-Urges-Swift-Patching-Of-Latest-Critical-TeamCity-Flaw.html"
"Feb 7, 2024 @ 15:14:05.000","Caesars Cancels DEF CON, But DEF CON Is Not Cancelled","-","-","-","https://packetstormsecurity.com/news/view/35499/Caesars-Cancels-DEF-CON-But-DEF-CON-Is-Not-Cancelled.html"
"Feb 7, 2024 @ 15:13:50.000","Experts warn of a critical bug in JetBrains TeamCity On-Premises","-","CVE-2024-23917","-","https://securityaffairs.com/158790/hacking/jetbrains-teamcity-on-premises-bug.html"
"Feb 7, 2024 @ 15:11:00.000","After FBI Takedown, KV-Botnet Operators Shift Tactics in Attempt to Bounce Back","-","-","-","https://thehackernews.com/2024/02/after-fbi-takedown-kv-botnet-operators.html"
"Feb 7, 2024 @ 15:05:10.000","How to Apply Zero Trust to your Active Directory","-","-","-","https://www.bleepingcomputer.com/news/security/how-to-apply-zero-trust-to-your-active-directory/"
"Feb 7, 2024 @ 15:00:49.000","UAE Banks Conduct Cyber War Games Exercise","-","-","-","https://www.darkreading.com/cybersecurity-operations/uae-banks-conduct-cyber-war-games-exercise"
"Feb 7, 2024 @ 15:00:46.000","Linux Shim Bootloader Flaw Expose Most Linux Distros to Code Execution Attacks","-","-","-","https://cybersecuritynews.com/linux-shim-bootloader-flaw/"
"Feb 7, 2024 @ 15:00:00.000","How to Prepare for Elevated Cybersecurity Risk at the Super Bowl","-","-","-","https://www.darkreading.com/threat-intelligence/how-to-prepare-elevated-cybersecurity-risk-super-bowl"
"Feb 7, 2024 @ 15:00:00.000","Chinese hackers fail to rebuild botnet after FBI takedown","-","-","-","https://www.bleepingcomputer.com/news/security/chinese-hackers-fail-to-rebuild-botnet-after-fbi-takedown/"
"Feb 7, 2024 @ 14:45:17.000","Critical shim bug impacts every Linux boot loader signed in the past decade","-","CVE-2023-40547","-","https://securityaffairs.com/158792/hacking/critical-shim-bug-linux.html"
"Feb 7, 2024 @ 14:00:00.000","Ransomware Payments Hit a Record $1.1 Billion in 2023","-","-","-","https://www.wired.com/story/ransomware-payments-2023-breaks-record/"
"Feb 7, 2024 @ 14:00:00.000","Ransomware payments reached record $1.1 billion in 2023","-","-","-","https://www.bleepingcomputer.com/news/security/ransomware-payments-reached-record-11-billion-in-2023/"
"Feb 7, 2024 @ 13:33:00.000","Critical Boot Loader Vulnerability in Shim Impacts Nearly All Linux Distros","-","CVE-2023-40547","-","https://thehackernews.com/2024/02/critical-bootloader-vulnerability-in.html"
"Feb 7, 2024 @ 13:29:37.000","Fortinet snafu: Critical FortiSIEM CVEs are duplicates, issued in error","-","CVE-2024-23108","-","https://www.bleepingcomputer.com/news/security/fortinet-snafu-critical-fortisiem-cves-are-duplicates-issued-in-error/"
"Feb 7, 2024 @ 13:00:00.000","Chinese Hackers Spy on Dutch Ministry of Defense: A Story of Alarming Cyber Espionage","-","-","-","https://blog.knowbe4.com/chinese-hackers-spy-dutch-ministry-cyber-espionage"
"Feb 7, 2024 @ 13:00:00.000","How to Fight Long-Game Social Engineering Attacks","-","-","-","https://blog.knowbe4.com/how-to-fight-long-game-social-engineering-attacks"
"Feb 7, 2024 @ 12:58:12.000","Critical JetBrains TeamCity Authentication Bypass (CVE-2024-23917); CISA Adds Chrome Type Confusion to KEV (CVE-2023-4762)","-","CVE-2024-23917","-","https://socradar.io/critical-jetbrains-teamcity-authentication-bypass-cisa-adds-chrome-type-confusion-to-kev/"
"Feb 7, 2024 @ 12:33:07.000","JetBrains urges swift patching of latest critical TeamCity flaw","-","-","-","https://go.theregister.com/feed/www.theregister.com/2024/02/07/jetbrains_teamcity_critical_vuln/"
"Feb 7, 2024 @ 12:20:19.000","2024 Elections: Cybersecurity Challenges in Spain and Beyond","-","-","-","https://socradar.io/elections-cybersecurity-challenges-in-spain-and-beyond/"
"Feb 7, 2024 @ 12:00:00.000","VMware Releases Security Advisory for Aria Operations for Networks","-","-","-","https://www.cisa.gov/news-events/alerts/2024/02/07/vmware-releases-security-advisory-aria-operations-networks"
"Feb 7, 2024 @ 12:00:00.000","CISA and Partners Release Advisory on PRC-sponsored Volt Typhoon Activity and Supplemental Living Off the Land Guidance","-","-","-","https://www.cisa.gov/news-events/alerts/2024/02/07/cisa-and-partners-release-advisory-prc-sponsored-volt-typhoon-activity-and-supplemental-living-land"
"Feb 7, 2024 @ 11:12:38.000"," Facebook fatal accident scam still rages on ","-","-","-","https://www.malwarebytes.com/blog/news/2024/02/facebook-fatal-accident-scam-still-rages-on"
"Feb 7, 2024 @ 11:00:00.000","2054, Part III: The Singularity","-","-","-","https://www.wired.com/story/2054-part-iii-the-singularity/"
"Feb 7, 2024 @ 10:39:10.000","Two New FortiSIEM Max-severity Flaw Let Attackers Execute Remote Code","-","CVE-2024-23108","-","https://cybersecuritynews.com/fortisiem-max-severity-flaw/"
"Feb 7, 2024 @ 10:38:00.000","New Webinar: 5 Steps to vCISO Success for MSPs and MSSPs","-","-","-","https://thehackernews.com/2024/02/new-webinar-5-steps-to-vciso-success.html"
"Feb 7, 2024 @ 09:45:00.000","Global Coalition and Tech Giants Unite Against Commercial Spyware Abuse","-","-","-","https://thehackernews.com/2024/02/global-coalition-and-tech-giants-unite.html"
"Feb 7, 2024 @ 07:46:36.000","China-linked APT deployed malware in a network of the Dutch Ministry of Defence","-","-","-","https://securityaffairs.com/158765/apt/china-linked-apt-dutch-mod.html"
"Feb 7, 2024 @ 06:29:00.000","Chinese Hackers Exploited FortiGate Flaw to Breach Dutch Military Network","-","-","-","https://thehackernews.com/2024/02/chinese-hackers-exploited-fortigate.html"
"Feb 7, 2024 @ 05:05:00.000","Critical JetBrains TeamCity On-Premises Flaw Exposes Servers to Takeover - Patch Now","-","CVE-2024-23917","-","https://thehackernews.com/2024/02/critical-jetbrains-teamcity-on-premises.html"
"Feb 7, 2024 @ 05:00:00.000","Microsoft: Iran is refining its cyber operations","-","-","-","https://cyberscoop.com/microsoft-iran-is-refining-its-cyber-operations/"
"Feb 7, 2024 @ 01:37:36.000","Critical vulnerability affecting most Linux distros allows for bootkits","-","-","-","https://arstechnica.com/?p=2001542"
"Feb 7, 2024 @ 01:00:09.000","Microsoft Adds Face Check to Entra Verified ID","-","-","-","https://www.darkreading.com/identity-access-management-security/microsoft-adds-face-check-to-entra-verified-id"
"Feb 7, 2024 @ 00:00:00.000","Risky Biz News: US imposes visa ban on individuals linked to commercial spyware","-","-","-","https://risky.biz/RBNEWS246"
"Feb 6, 2024 @ 23:23:43.000","As Smart Cities Expand, So Do the Threats","-","-","-","https://www.darkreading.com/ics-ot-security/smart-city-ecosystems-face-cybersecurity-shortfall-as-urban-populations-grow"
"Feb 6, 2024 @ 22:59:22.000","Cisco Adds New Security and AI Capabilities in Next Step Toward Cisco Networking Cloud Vision","-","-","-","https://www.darkreading.com/cloud-security/cisco-adds-new-security-and-ai-capabilities-in-next-step-toward-cisco-networking-cloud-vision"
"Feb 6, 2024 @ 22:47:26.000","Akamai Announces Content Protector to Stop Scraping Attacks","-","-","-","https://www.darkreading.com/application-security/akamai-announces-content-protector-to-stop-scraping-attacks"
"Feb 6, 2024 @ 22:41:20.000","Critical Bugs in Canon Small Office Printers Allow Code Execution, DDoS","-","-","-","https://www.darkreading.com/endpoint-security/critical-bugs-canon-small-office-printers-code-execution-ddos"
"Feb 6, 2024 @ 22:36:10.000","Verizon Employee Data Exposed in Insider Threat Incident","-","-","-","https://www.darkreading.com/remote-workforce/verizon-employee-data-exposed-insider-threat-incident"
"Feb 6, 2024 @ 22:35:37.000","APM Server 8.12.1 Security Update (ESA-2024-03)","-","CVE-2024-23448","-","https://discuss.elastic.co/t/apm-server-8-12-1-security-update-esa-2024-03/352688"
"Feb 6, 2024 @ 22:26:27.000","IONIX ​​Completes $42M Financing Round to Expand Threat Exposure Management Across the Entire Attack Surface","-","-","-","https://www.darkreading.com/cyber-risk/ionix-completes-42m-financing-round-to-expand-threat-exposure-management-across-the-entire-attack-surface"
"Feb 6, 2024 @ 22:23:22.000","Post-Quantum Cryptography Alliance Launches to Advance Post-Quantum Cryptography","-","-","-","https://www.darkreading.com/application-security/post-quantum-cryptography-alliance-launches-to-advance-post-quantum-cryptography"
"Feb 6, 2024 @ 22:23:09.000","Elastic Network Drive Connector v8.12.1 Security Update (ESA-2024-02)","-","CVE-2024-23447","-","https://discuss.elastic.co/t/elastic-network-drive-connector-v8-12-1-security-update-esa-2024-02/352687"
"Feb 6, 2024 @ 22:23:09.000","Elastic Network Drive Connector 8.12.1 Security Update (ESA-2024-02)","-","CVE-2024-23447","-","https://discuss.elastic.co/t/elastic-network-drive-connector-8-12-1-security-update-esa-2024-02/352687"
"Feb 6, 2024 @ 22:13:13.000","Kibana 8.12.1 Security Update (ESA-2024-01)","-","CVE-2024-23446","-","https://discuss.elastic.co/t/kibana-8-12-1-security-update-esa-2024-01/352686"
"Feb 6, 2024 @ 21:56:51.000","New Hampshire authorities trace Biden AI robocall to Texas-based telecom","-","-","-","https://cyberscoop.com/lingo-life-biden-ai-robocall/"
"Feb 6, 2024 @ 21:54:27.000","Mozilla adds paid-for data-deletion tier to Monitor, its privacy-breach radar","-","-","-","https://go.theregister.com/feed/www.theregister.com/2024/02/06/mozilla_monitor_data/"
"Feb 6, 2024 @ 21:07:25.000","Commercial spyware vendors are behind most zero-day exploits discovered by Google TAG","-","-","-","https://securityaffairs.com/158750/hacking/commercial-spyware-vendors-zero-day.html"
"Feb 6, 2024 @ 20:08:17.000","World Govs, Tech Giants Sign Spyware Responsibility Pledge","-","-","-","https://www.darkreading.com/endpoint-security/world-govs-sign-spyware-responsibility-pledge"
"Feb 6, 2024 @ 20:02:40.000","Twin Max-Severity Bugs Open Fortinet's SIEM to Code Execution","-","-","-","https://www.darkreading.com/vulnerabilities-threats/fortinet-fortisiem-hit-with-twin-max-severity-bugs"
"Feb 6, 2024 @ 20:01:09.000","Crucial Airline Flight Planning App Open to Interception Risks","-","-","-","https://www.darkreading.com/ics-ot-security/crucial-airline-flight-planning-app-interception-risks"
"Feb 6, 2024 @ 19:37:58.000","Verizon says 63K employees' info fell into the wrong hands – an insider this time","-","-","-","https://go.theregister.com/feed/www.theregister.com/2024/02/06/verizon_internal_privacy_breach/"
"Feb 6, 2024 @ 19:00:15.000","Verizon alerts 63k employees their details were leaked by an insider","-","-","-","https://go.theregister.com/feed/www.theregister.com/2024/02/06/verizon_insider_data_breach/"
"Feb 6, 2024 @ 18:49:13.000","Chinese hackers infect Dutch military network with malware","-","-","-","https://www.bleepingcomputer.com/news/security/chinese-hackers-infect-dutch-military-network-with-malware/"
"Feb 6, 2024 @ 18:38:57.000","Synthetic Data: The New Frontier in Cyber Extortion","-","-","-","https://blog.knowbe4.com/synthetic-data-the-new-frontier-in-cyber-extortion"
"Feb 6, 2024 @ 18:38:52.000","Generative AI Used to Launch Phishing Attacks","-","-","-","https://blog.knowbe4.com/generative-ai-used-to-launch-phishing-attacks"
"Feb 6, 2024 @ 18:36:18.000","Data breach at French healthcare services firm puts millions at risk","-","-","-","https://www.bleepingcomputer.com/news/security/data-breach-at-french-healthcare-services-firm-puts-millions-at-risk/"
"Feb 6, 2024 @ 18:28:36.000","'ResumeLooters' Attackers Steal Millions of Career Records","-","-","-","https://www.darkreading.com/remote-workforce/-resumelooters-attackers-steal-millions-career-records"
"Feb 6, 2024 @ 18:27:40.000","Ignore Uncle Sam's 'voluntary' cybersecurity goals for hospitals at your peril","-","-","-","https://go.theregister.com/feed/www.theregister.com/2024/02/05/us_voluntary_cybersecurity_goals_hospitals/"
"Feb 6, 2024 @ 18:15:07.000","Chained Exploits, Stolen VPN Access: Hackers Target Ivanti Users Despite Patches","-","CVE-2024-21893","8.2","https://www.hackread.com/stolen-vpn-access-hackers-target-ivanti-users-patches/"
"Feb 6, 2024 @ 18:04:04.000","Meta will label AI-generated content from OpenAI and Google on Facebook, Instagram","-","-","-","https://arstechnica.com/?p=2001313"
"Feb 6, 2024 @ 17:58:33.000","UAE Cybersecurity Official Warns of VPN Abuse","-","-","-","https://www.darkreading.com/mobile-security/uae-cybersecurity-official-warns-of-vpn-abuse"
"Feb 6, 2024 @ 17:30:00.000","JetBrains warns of new TeamCity auth bypass vulnerability","-","-","-","https://www.bleepingcomputer.com/news/security/jetbrains-warns-of-new-teamcity-auth-bypass-vulnerability/"
"Feb 6, 2024 @ 17:27:54.000","Google says spyware vendors behind most zero-days it discovers","-","-","-","https://www.bleepingcomputer.com/news/security/google-says-spyware-vendors-behind-most-zero-days-it-discovers/"
"Feb 6, 2024 @ 17:15:07.000","Chinese Coathanger malware hung out to dry by Dutch defense department","-","-","-","https://go.theregister.com/feed/www.theregister.com/2024/02/06/dutch_defense_china_cyberattack/"
"Feb 6, 2024 @ 17:12:16.000","Latest Vulnerabilities in FortiSIEM, Oracle WebLogic, Apache Tomcat: CVE-2024-23108, CVE-2024-23109, CVE-2024-20931, CVE-2024-21733","-","CVE-2024-23108","-","https://socradar.io/latest-vulnerabilities-in-fortisiem-oracle-weblogic-apache-tomcat/"
"Feb 6, 2024 @ 17:00:00.000","Microsoft Entra Verified ID introduces Face Check in preview","-","-","-","https://www.microsoft.com/en-us/security/blog/2024/02/06/microsoft-entra-verified-id-introduces-face-check-in-preview/"
"Feb 6, 2024 @ 16:53:16.000","WhatsApp Chats Will Soon Work With Other Encrypted Messaging Apps","-","-","-","https://www.wired.com/story/whatsapp-interoperability-messaging/"
"Feb 6, 2024 @ 16:50:11.000","New ResumeLooters Gang Targets Job Seekers, Steals Millions of Resumes","-","-","-","https://www.hackread.com/resumelooters-job-seekers-steals-millions-resumes/"
"Feb 6, 2024 @ 16:14:37.000","Check Point CEO to Step Down After 3 Decades","-","-","-","https://www.darkreading.com/endpoint-security/check-point-ceo-announces-intention-stand-down"
"Feb 6, 2024 @ 16:02:19.000","Nigerian University Rolls Out Cybersecurity Degree Program","-","-","-","https://www.darkreading.com/cybersecurity-operations/nigerian-university-rolls-cybersecurity-degree-program"
"Feb 6, 2024 @ 16:02:05.000","Verizon insider data breach hits over 63,000 employees","-","-","-","https://www.bleepingcomputer.com/news/security/verizon-insider-data-breach-hits-over-63-000-employees/"
"Feb 6, 2024 @ 15:52:59.000","Debian Security Advisory 5616-1","-","-","-","https://packetstormsecurity.com/files/177000/dsa-5616-1.txt"
"Feb 6, 2024 @ 15:52:27.000","Red Hat Security Advisory 2024-0670-03","-","-","-","https://packetstormsecurity.com/files/176999/RHSA-2024-0670-03.txt"
"Feb 6, 2024 @ 15:51:00.000","Britain, France Lead 35 Nation Agreement On Controlling Spyware, Mercenary Hackers","-","-","-","https://packetstormsecurity.com/news/view/35498/Britain-France-Lead-35-Nation-Agreement-On-Controlling-Spyware-Mercenary-Hackers.html"
"Feb 6, 2024 @ 15:50:58.000","Millions Of Records Stolen From 65 Websites Via SQL Injection Attacks","-","-","-","https://packetstormsecurity.com/news/view/35497/Millions-Of-Records-Stolen-From-65-Websites-Via-SQL-Injection-Attacks.html"
"Feb 6, 2024 @ 15:50:56.000","Double Trouble For Fortinet Customers As Pair Of Critical Vulns Found in FortiSIEM","-","-","-","https://packetstormsecurity.com/news/view/35496/Double-Trouble-For-Fortinet-Customers-As-Pair-Of-Critical-Vulns-Found-in-FortiSIEM.html"
"Feb 6, 2024 @ 15:50:53.000","Deepfake Video Conference Convinces Employee To Send $25 Million To Scammers","-","-","-","https://packetstormsecurity.com/news/view/35495/Deepfake-Video-Conference-Convinces-Employee-To-Send-25-Million-To-Scammers.html"
"Feb 6, 2024 @ 15:50:37.000","Tech Giants Form Post Quantum Cryptography Alliance","-","-","-","https://packetstormsecurity.com/news/view/35494/Tech-Giants-Form-Post-Quantum-Cryptography-Alliance.html"
"Feb 6, 2024 @ 15:50:31.000","Google Links Over 60 Zero Days To Spyware Vendors","-","-","-","https://packetstormsecurity.com/news/view/35493/Google-Links-Over-60-Zero-Days-To-Spyware-Vendors.html"
"Feb 6, 2024 @ 15:50:24.000","Ivanti Devices Hit By Wave Of Exploits For Latest Security Hole","-","-","-","https://packetstormsecurity.com/news/view/35492/Ivanti-Devices-Hit-By-Wave-Of-Exploits-For-Latest-Security-Hole.html"
"Feb 6, 2024 @ 15:45:10.000","EquiLend back in the saddle as ransom payment rumors swirl","-","-","-","https://go.theregister.com/feed/www.theregister.com/2024/02/06/equilend_back_in_action_as/"
"Feb 6, 2024 @ 15:02:04.000","Criminal IP ASM: A new cybersecurity listing on Microsoft Azure","-","-","-","https://www.bleepingcomputer.com/news/security/criminal-ip-asm-a-new-cybersecurity-listing-on-microsoft-azure/"
"Feb 6, 2024 @ 15:00:00.000","How Neurodiversity Can Help Fill the Cybersecurity Workforce Shortage","-","-","-","https://www.darkreading.com/cybersecurity-operations/how-neurodiversity-can-help-cybersecurity-workforce-shortage"
"Feb 6, 2024 @ 14:44:09.000"," State of Malware 2024: What consumers need to know ","-","-","-","https://www.malwarebytes.com/blog/personal/2024/02/state-of-malware-2024-what-consumers-need-to-know"
"Feb 6, 2024 @ 14:32:26.000","CyberheistNews Vol 14 #06 [New Threat] Attackers Are Now Using MS Teams to Phish Your Users","-","-","-","https://blog.knowbe4.com/cyberheistnews-vol-14-06-new-threat-attackers-are-now-using-ms-teams-to-phish-your-users"
"Feb 6, 2024 @ 14:28:00.000","VT Livehunt Cheat Sheet","-","-","-","https://blog.virustotal.com/feeds/5075454072867843345/comments/default"
"Feb 6, 2024 @ 14:17:04.000","Google’s Open-source Tool Bazel Flaw Let Attackers Insert Malicious Code","-","-","-","https://cybersecuritynews.com/googles-open-source-bazel-flaw/"
"Feb 6, 2024 @ 14:14:12.000","Automate Routine Operational Workflows With Generative AI","-","-","-","https://www.darkreading.com/cybersecurity-operations/automate-routine-operational-workflows-with-generative-ai"
"Feb 6, 2024 @ 14:09:00.000","Beware: Fake Facebook Job Ads Spreading 'Ov3r_Stealer' to Steal Crypto and Credentials","-","-","-","https://thehackernews.com/2024/02/beware-fake-facebook-job-ads-spreading.html"
"Feb 6, 2024 @ 14:02:00.000","Experts Detail New Flaws in Azure HDInsight Spark, Kafka, and Hadoop Services","-","-","-","https://thehackernews.com/2024/02/high-severity-flaws-found-in-azure.html"
"Feb 6, 2024 @ 14:01:22.000"," Known ransomware attacks up 68% in 2023 ","-","-","-","https://www.malwarebytes.com/blog/awareness/2024/02/known-ransomware-attacks-up-68-in-2023"
"Feb 6, 2024 @ 14:00:00.000","Microsoft Azure HDInsight Bugs Expose Big Data to Breaches","-","-","-","https://www.darkreading.com/cloud-security/microsoft-azure-hdinsight-bugs-expose-big-data-to-breaches"
"Feb 6, 2024 @ 13:56:34.000"," Safer Internet Day, or why Brad Pitt needed an internet bodyguard ","-","-","-","https://www.malwarebytes.com/blog/news/2024/02/safer-internet-day-or-why-brad-pitt-needed-an-internet-bodyguard"
"Feb 6, 2024 @ 12:33:17.000","Barracuda Disclosed Critical Vulnerabilities in WAF, Affecting File Upload and JSON Protection","-","-","-","https://socradar.io/barracuda-disclosed-critical-vulnerabilities-in-waf-affecting-file-upload-and-json-protection/"
"Feb 6, 2024 @ 12:12:04.000","Mispadu Stealer Detection: A New Banking Trojan Variant Targets Mexico While Exploiting CVE-2023-36025","-","CVE-2023-36025","8.8","https://socprime.com/blog/mispadu-stealer-detection-a-new-banking-trojan-variant-targets-mexico-while-exploiting-cve-2023-36025/"
"Feb 6, 2024 @ 12:00:00.000","CISA Adds One Known Exploited Vulnerability to Catalog","-","CVE-2023-4762","-","https://www.cisa.gov/news-events/alerts/2024/02/06/cisa-adds-one-known-exploited-vulnerability-catalog"
"Feb 6, 2024 @ 12:00:00.000","CISA Releases Two Industrial Control Systems Advisories","-","-","-","https://www.cisa.gov/news-events/alerts/2024/02/06/cisa-releases-two-industrial-control-systems-advisories"
"Feb 6, 2024 @ 11:54:40.000","Hackers Stolen 2M+ User’s Data Via XSS & SQL Injection Attacks","-","-","-","https://cybersecuritynews.com/resumelooters-injection-attacks/"
"Feb 6, 2024 @ 11:50:22.000","Impact of CL0P Ransomware on the Cyber Threat Landscape in 2023: An Analysis of Cyber Tactics and Threat Evolution Over the Year","-","-","-","https://socradar.io/impact-of-cl0p-ransomware-on-the-cyber-threat-landscape-in-2023-an-analysis-of-cyber-tactics-and-threat-evolution-over-the-year/"
"Feb 6, 2024 @ 11:32:00.000","5 Data Encryption Challenges and How to Address Them","-","-","-","https://cybersecuritynews.com/5-data-encryption-challenges/"
"Feb 6, 2024 @ 11:00:00.000","2054, Part II: Next Big Thing","-","-","-","https://www.wired.com/story/2054-part-ii-next-big-thing/"
"Feb 6, 2024 @ 10:53:00.000","How a $10B Enterprise Customer Drastically Increased their SaaS Security Posture with 201% ROI by Using SSPM","-","-","-","https://thehackernews.com/2024/02/how-10b-enterprise-customer-drastically.html"
"Feb 6, 2024 @ 10:23:35.000","11 Best Cyber Secuity Compliance Management Software – 2024","-","-","-","https://cybersecuritynews.com/compliance-management-software/"
"Feb 6, 2024 @ 10:16:10.000","New kids on the ransomware block in 2023: Akira and 8Base lead dozens of newbies","-","-","-","https://go.theregister.com/feed/www.theregister.com/2024/02/06/akira_and_8base_new_ransomware_research/"
"Feb 6, 2024 @ 10:14:00.000","Hackers Exploit Job Boards, Stealing Millions of Resumes and Personal Data","-","-","-","https://thehackernews.com/2024/02/hackers-exploit-job-boards-in-apac.html"
"Feb 6, 2024 @ 10:00:00.000","Google: Govs Drive Sharp Growth of Commercial Spyware Cos","-","-","-","https://www.darkreading.com/threat-intelligence/govts-are-driving-sharp-growth-in-commercial-spyware-industry-google-warns"
"Feb 6, 2024 @ 09:14:16.000","10 Best Secure Web Gateway Vendors in 2024","-","-","-","https://cybersecuritynews.com/best-secure-web-gateway/"
"Feb 6, 2024 @ 08:54:18.000","Best SOC 2 Type 2 Certified Complaint Solutions – 2024","-","-","-","https://cybersecuritynews.com/soc-2-type-2-certified/"
"Feb 6, 2024 @ 07:59:50.000","HPE is investigating claims of a new security breach","-","-","-","https://securityaffairs.com/158690/cyber-crime/hpe-investigating-security-breach.html"
"Feb 6, 2024 @ 07:00:00.000","Hackers steal data of 2 million in SQL injection, XSS attacks","-","-","-","https://www.bleepingcomputer.com/news/security/hackers-steal-data-of-2-million-in-sql-injection-xss-attacks/"
"Feb 6, 2024 @ 06:58:00.000","Recent SSRF Flaw in Ivanti VPN Products Undergoes Mass Exploitation","-","CVE-2024-21893","8.2","https://thehackernews.com/2024/02/recently-disclosed-ssrf-flaw-in-ivanti.html"
"Feb 6, 2024 @ 06:00:00.000","ZDI-24-096: Oracle Product Lifecycle Management ExportServlet Deserialization of Untrusted Data Remote Code Execution Vulnerability","-","CVE-2024-20953","-","http://www.zerodayinitiative.com/advisories/ZDI-24-096/"
"Feb 6, 2024 @ 06:00:00.000","ZDI-24-095: Canon imageCLASS MF753Cdw Fax Job Heap-Based Buffer Overflow Remote Code Execution Vulnerability","-","CVE-2024-0244","-","http://www.zerodayinitiative.com/advisories/ZDI-24-095/"
"Feb 6, 2024 @ 06:00:00.000","ZDI-24-094: (Pwn2Own) Canon imageCLASS MF753Cdw CADM setResource Stack-based Buffer Overflow Remote Code Execution Vulnerability","-","CVE-2023-6234","-","http://www.zerodayinitiative.com/advisories/ZDI-24-094/"
"Feb 6, 2024 @ 06:00:00.000","ZDI-24-093: (Pwn2Own) Canon imageCLASS MF753Cdw SLP service-url Stack-based Buffer Overflow Remote Code Execution Vulnerability","-","CVE-2023-6233","-","http://www.zerodayinitiative.com/advisories/ZDI-24-093/"
"Feb 6, 2024 @ 06:00:00.000","ZDI-24-092: (Pwn2Own) Canon imageCLASS MF753Cdw rls-login Authorization Stack-based Buffer Overflow Remote Code Execution Vulnerability","-","CVE-2023-6232","-","http://www.zerodayinitiative.com/advisories/ZDI-24-092/"
"Feb 6, 2024 @ 06:00:00.000","ZDI-24-091: (Pwn2Own) Canon imageCLASS MF753Cdw Probe message Stack-based Buffer Overflow Remote Code Execution Vulnerability","-","CVE-2023-6231","-","http://www.zerodayinitiative.com/advisories/ZDI-24-091/"
"Feb 6, 2024 @ 06:00:00.000","ZDI-24-090: (Pwn2Own) Canon imageCLASS MF753Cdw rls-login Authorization Stack-based Buffer Overflow Remote Code Execution Vulnerability","-","CVE-2023-6230","-","http://www.zerodayinitiative.com/advisories/ZDI-24-090/"
"Feb 6, 2024 @ 06:00:00.000","ZDI-24-089: (Pwn2Own) Canon imageCLASS MF753Cdw CADM rmSetFileName Buffer Overflow Remote Code Execution Vulnerability","-","CVE-2023-6229","-","http://www.zerodayinitiative.com/advisories/ZDI-24-089/"
"Feb 6, 2024 @ 06:00:00.000","ZDI-24-088: (Pwn2Own) Western Digital MyCloud PR4100 RESTSDK Uncontrolled Resource Consumption Denial-of-Service Vulnerability","-","CVE-2023-22819","-","http://www.zerodayinitiative.com/advisories/ZDI-24-088/"
"Feb 6, 2024 @ 06:00:00.000","ZDI-24-087: (Pwn2Own) Western Digital MyCloud PR4100 RESTSDK Server-Side Request Forgery Vulnerability","-","CVE-2023-22817","-","http://www.zerodayinitiative.com/advisories/ZDI-24-087/"
"Feb 6, 2024 @ 05:42:15.000","Hackers Selling AnyDesk Users’ Login Credentials On Cybercriminal Forums","-","-","-","https://cybersecuritynews.com/anydesk-users-login-credentials/"
"Feb 6, 2024 @ 05:00:00.000","U.S. Imposes Visa Restrictions on those Involved in Illegal Spyware Surveillance","-","-","-","https://thehackernews.com/2024/02/us-imposes-visa-restrictions-on-those.html"
"Feb 6, 2024 @ 02:30:33.000","As if 2 Ivanti vulnerabilities under exploit weren’t bad enough, now there are 3","-","-","-","https://arstechnica.com/?p=2001230"
"Feb 6, 2024 @ 01:34:57.000","Google throws $1M at Rust Foundation to build C++ bridges","-","-","-","https://go.theregister.com/feed/www.theregister.com/2024/02/05/google_rust_donation/"
"Feb 6, 2024 @ 01:04:46.000","Top 3 Cybersecurity Trends for SME Business Leaders","-","-","-","https://grahamcluley.com/feed-sponsor-cynet/"
"Feb 6, 2024 @ 00:00:00.000","Between Two Nerds: What to expect when you are expecting to cyber","-","-","-","https://risky.biz/BTN66"
"Feb 5, 2024 @ 22:38:14.000","Fresh 'Mispadu Stealer' Variant Emerges","-","-","-","https://www.darkreading.com/endpoint-security/fresh-mispadu-stealer-variant-emerges"
"Feb 5, 2024 @ 22:18:28.000","Deepfake-Generating Apps Explode, Allowing Multimillion-Dollar Corporate Heists","-","-","-","https://www.darkreading.com/threat-intelligence/deepfake-apps-explode-multimillion-dollar-corporate-heists"
"Feb 5, 2024 @ 22:03:54.000","Microsoft Outlook December updates trigger ICS security alerts","-","-","-","https://www.bleepingcomputer.com/news/microsoft/microsoft-outlook-december-updates-trigger-ics-security-alerts/"
"Feb 5, 2024 @ 21:59:22.000"," Clorox counts the cost of cyberattack ","-","-","-","https://www.malwarebytes.com/blog/news/2024/02/clorox-counts-the-cost-of-cyberattack"
"Feb 5, 2024 @ 21:58:17.000","Fake “I Can’t Believe He’s Gone” Posts Seek to Steal Facebook Credentials","-","-","-","https://blog.knowbe4.com/fake-i-cant-believe-hes-gone-posts-seek-to-steal-facebook-credentials"
"Feb 5, 2024 @ 21:57:58.000","New Phishing-As-A-Service Kit with Ability to Bypass MFA Targets Microsoft 365 Accounts","-","-","-","https://blog.knowbe4.com/phishing-as-a-service-kit-with-ability-to-bypass-mfa-targets-microsoft"
"Feb 5, 2024 @ 21:47:54.000","Ivanti devices hit by wave of exploits for latest security hole","-","CVE-2024-21893","8.2","https://go.theregister.com/feed/www.theregister.com/2024/02/05/ivanti_zero_day/"
"Feb 5, 2024 @ 21:44:28.000","AnyDesk Compromised, Passwords Revoked","-","-","-","https://www.darkreading.com/endpoint-security/anydesk-compromised-passwords-revoked"
"Feb 5, 2024 @ 21:33:19.000","Ivanti releases patches for VPN zero-days, discloses two more high-severity vulns","-","-","-","https://go.theregister.com/feed/www.theregister.com/2024/01/31/ivanti_patches_zero_days/"
"Feb 5, 2024 @ 20:26:06.000","US announces visa ban on those linked to commercial spyware","-","-","-","https://www.bleepingcomputer.com/news/security/us-announces-visa-ban-on-those-linked-to-commercial-spyware/"
"Feb 5, 2024 @ 19:29:31.000","Experts warn of a surge of attacks targeting Ivanti SSRF flaw ","-","CVE-2024-21893","8.2","https://securityaffairs.com/158677/hacking/ivanti-ssrf-cve-2024-21893-under-attack.html"
"Feb 5, 2024 @ 19:20:27.000","Pegasus Spyware Targets Jordanian Civil Society in Wide-Ranging Attacks","-","-","-","https://www.darkreading.com/vulnerabilities-threats/pegasus-spyware-targets-jordanian-civil-society"
"Feb 5, 2024 @ 19:01:00.000","Microsoft in deal with Semafor to create news stories with aid of AI chatbot","-","-","-","https://arstechnica.com/?p=2001079"
"Feb 5, 2024 @ 18:33:51.000","HPE investigates new breach after data for sale on hacking forum","-","-","-","https://www.bleepingcomputer.com/news/security/hpe-investigates-new-breach-after-data-for-sale-on-hacking-forum/"
"Feb 5, 2024 @ 18:30:50.000","AnyDesk revokes signing certs, portal passwords after crooks sneak into systems","-","-","-","https://go.theregister.com/feed/www.theregister.com/2024/02/05/anydesk_breach/"
"Feb 5, 2024 @ 18:00:00.000","Google Open Sources AI-Boosted Fuzzing Framework","-","-","-","https://www.darkreading.com/application-security/google-open-sources-ai-boosted-fuzzing-framework"
"Feb 5, 2024 @ 17:59:19.000","Nigerian President Dismisses Nation's 'Cybercrime Haven' Image","-","-","-","https://www.darkreading.com/endpoint-security/nigerian-president-dismisses-cybercrime-haven-image"
"Feb 5, 2024 @ 17:04:28.000","Name That Edge Toon: The Great Escape","-","-","-","https://www.darkreading.com/endpoint-security/name-that-edge-toon-the-great-escape"
"Feb 5, 2024 @ 17:00:00.000","Using Threat Intelligence to Monitor Industry-Specific Threats","-","-","-","https://socradar.io/using-threat-intelligence-to-monitor-industry-specific-threats/"
"Feb 5, 2024 @ 16:36:00.000","Belarusian National Linked to BTC-e Faces 25 Years for $4 Billion Crypto Money Laundering","-","-","-","https://thehackernews.com/2024/02/belarusian-national-linked-to-btc-e.html"
"Feb 5, 2024 @ 16:25:55.000","Teens Committing Scary Cybercrimes: What's Behind the Trend?","-","-","-","https://www.darkreading.com/threat-intelligence/teens-committing-scary-cybercrimes-trend"
"Feb 5, 2024 @ 16:00:00.000","Dark Web Profile: CyberNiggers","-","-","-","https://socradar.io/dark-web-profile-cyberniggers/"
"Feb 5, 2024 @ 15:55:24.000","Newest Ivanti SSRF zero-day now under mass exploitation","-","CVE-2024-21893","8.2","https://www.bleepingcomputer.com/news/security/newest-ivanti-ssrf-zero-day-now-under-mass-exploitation/"
"Feb 5, 2024 @ 15:54:49.000","Deepfake scammer walks off with $25 million in first-of-its-kind AI heist","-","-","-","https://arstechnica.com/?p=2000988"
"Feb 5, 2024 @ 15:42:45.000","American Fuzzy Lop plus plus 4.10c","-","-","-","https://packetstormsecurity.com/files/176998/AFLplusplus-4.10c.tar.gz"
"Feb 5, 2024 @ 15:40:43.000","Debian Security Advisory 5615-1","-","-","-","https://packetstormsecurity.com/files/176997/dsa-5615-1.txt"
"Feb 5, 2024 @ 15:40:25.000","Ubuntu Security Notice USN-6592-2","-","-","-","https://packetstormsecurity.com/files/176996/USN-6592-2.txt"
"Feb 5, 2024 @ 15:37:21.000","Cacti pollers.php SQL Injection / Remote Code Execution","-","-","-","https://packetstormsecurity.com/files/176995/cacti_pollers_sqli_rce.rb.txt"
"Feb 5, 2024 @ 15:36:16.000","Gentoo Linux Security Advisory 202402-10","-","-","-","https://packetstormsecurity.com/files/176994/glsa-202402-10.txt"
"Feb 5, 2024 @ 15:33:51.000","runc 1.1.11 File Descriptor Leak Privilege Escalation","-","-","-","https://packetstormsecurity.com/files/176993/runc_cwd_priv_esc.rb.txt"
"Feb 5, 2024 @ 15:33:41.000","Debian Security Advisory 5614-1","-","-","-","https://packetstormsecurity.com/files/176992/dsa-5614-1.txt"
"Feb 5, 2024 @ 15:30:59.000","SISQUAL WFM 7.1.319.103 Host Header Injection","-","-","-","https://packetstormsecurity.com/files/176991/sisqualwfm71319103-inject.txt"
"Feb 5, 2024 @ 15:29:37.000","Ubuntu Security Notice USN-6622-1","-","-","-","https://packetstormsecurity.com/files/176990/USN-6622-1.txt"
"Feb 5, 2024 @ 15:26:55.000","Apple Security Advisory 02-02-2024-1","-","-","-","https://packetstormsecurity.com/files/176989/APPLE-SA-02-02-2024-1.txt"
"Feb 5, 2024 @ 15:23:56.000","Milesight UR5X / UR32L / UR32 / UR35 / UR41 Credential Leakage","-","-","-","https://packetstormsecurity.com/files/176988/milesight-disclose.txt"
"Feb 5, 2024 @ 15:22:23.000","Gentoo Linux Security Advisory 202402-09","-","-","-","https://packetstormsecurity.com/files/176987/glsa-202402-09.txt"
"Feb 5, 2024 @ 15:21:31.000","Sumatra PDF 3.5.2 DLL Hijacking","-","-","-","https://packetstormsecurity.com/files/176986/sumatrapdf352-dllhijack.txt"
"Feb 5, 2024 @ 15:20:51.000","Gentoo Linux Security Advisory 202402-08","-","-","-","https://packetstormsecurity.com/files/176985/glsa-202402-08.txt"
"Feb 5, 2024 @ 15:20:33.000","Gentoo Linux Security Advisory 202402-07","-","-","-","https://packetstormsecurity.com/files/176984/glsa-202402-07.txt"
"Feb 5, 2024 @ 15:19:26.000","WordPress Simple URLs Cross Site Scripting","-","-","-","https://packetstormsecurity.com/files/176983/wpsimpleurls-xss.txt"
"Feb 5, 2024 @ 15:18:46.000","Gentoo Linux Security Advisory 202402-06","-","-","-","https://packetstormsecurity.com/files/176982/glsa-202402-06.txt"
"Feb 5, 2024 @ 15:16:30.000","GYM MS 1.0 Cross Site Scripting","-","-","-","https://packetstormsecurity.com/files/176981/gymms10profile-xss.txt"
"Feb 5, 2024 @ 15:16:23.000","Hackers Abuse Google Search Ads to Attack IT & System Admins","-","-","-","https://cybersecuritynews.com/hackers-abuse-google-search-ads/"
"Feb 5, 2024 @ 15:14:27.000","Gentoo Linux Security Advisory 202402-05","-","-","-","https://packetstormsecurity.com/files/176980/glsa-202402-05.txt"
"Feb 5, 2024 @ 15:13:32.000","How to hack the Airbus NAVBLUE Flysmart+ Manager","-","-","-","https://securityaffairs.com/158661/hacking/airbus-flysmart-flaw.html"
"Feb 5, 2024 @ 15:13:14.000","Gentoo Linux Security Advisory 202402-04","-","-","-","https://packetstormsecurity.com/files/176979/glsa-202402-04.txt"
"Feb 5, 2024 @ 15:11:45.000","WhatsUp Gold 2022 22.1.0 Build 39 Cross Site Scripting","-","-","-","https://packetstormsecurity.com/files/176978/whatsupgold2022-xss.txt"
"Feb 5, 2024 @ 15:10:54.000","Gentoo Linux Security Advisory 202402-03","-","-","-","https://packetstormsecurity.com/files/176977/glsa-202402-03.txt"
"Feb 5, 2024 @ 15:08:36.000","Gentoo Linux Security Advisory 202402-02","-","-","-","https://packetstormsecurity.com/files/176976/glsa-202402-02.txt"
"Feb 5, 2024 @ 15:07:40.000","MISP 2.4.171 Cross Site Scripting","-","-","-","https://packetstormsecurity.com/files/176975/misp24171-xss.txt"
"Feb 5, 2024 @ 15:02:31.000","AnyDesk Hacked: Revokes Passwords, Certificates","-","-","-","https://packetstormsecurity.com/news/view/35491/AnyDesk-Hacked-Revokes-Passwords-Certificates.html"
"Feb 5, 2024 @ 15:02:27.000","Critical Vulnerability In Mastadon Is Pounced Upon By Fast Acting Admins","-","-","-","https://packetstormsecurity.com/news/view/35490/Critical-Vulnerability-In-Mastadon-Is-Pounced-Upon-By-Fast-Acting-Admins.html"
"Feb 5, 2024 @ 15:02:25.000","QNAP Patches High Severity Bugs In QTS, Qsync Central","-","-","-","https://packetstormsecurity.com/news/view/35489/QNAP-Patches-High-Severity-Bugs-In-QTS-Qsync-Central.html"
"Feb 5, 2024 @ 15:02:18.000","Researchers Remotely Exploit Devices Used To Manage Safe Aircraft Landings And Takeoffs","-","-","-","https://packetstormsecurity.com/news/view/35488/Researchers-Remotely-Exploit-Devices-Used-To-Manage-Safe-Aircraft-Landings-And-Takeoffs.html"
"Feb 5, 2024 @ 15:02:13.000","Google Open Sources AI-Aided Fuzzing Framework","-","-","-","https://packetstormsecurity.com/news/view/35487/Google-Open-Sources-AI-Aided-Fuzzing-Framework.html"
"Feb 5, 2024 @ 15:02:03.000","Lurie Children's Hospital Back To Pen And Paper After Cyberattack","-","-","-","https://packetstormsecurity.com/news/view/35486/Lurie-Childrens-Hospital-Back-To-Pen-And-Paper-After-Cyberattack.html"
"Feb 5, 2024 @ 15:00:00.000","Sales of American and Brazilian Companies’ RDP Access, UK and India Government Site Databases","-","-","-","https://socradar.io/sales-of-american-and-brazilian-companies-rdp-access-uk-and-india-government-site-databases/"
"Feb 5, 2024 @ 15:00:00.000","How the SEC's Rules on Cybersecurity Incident Disclosure Are Exploited","-","-","-","https://www.darkreading.com/vulnerabilities-threats/how-secs-rules-cybersecurity-incident-disclosure-are-exploited"
"Feb 5, 2024 @ 14:45:06.000","Lurie Children's Hospital back to pen and paper after cyberattack","-","-","-","https://go.theregister.com/feed/www.theregister.com/2024/02/05/lurie_childrens_hospital_cyberattack/"
"Feb 5, 2024 @ 13:47:01.000","Social Engineering Masterstroke: How Deepfake CFO Duped a Firm out of $25 Million","-","-","-","https://blog.knowbe4.com/social-engineering-masterstroke-how-deepfake-cfo-duped-a-firm-out-of-25-million"
"Feb 5, 2024 @ 13:41:30.000","AnyDesk Production Server Breach and Dark Web Sale of 18,000 Accounts","-","-","-","https://socradar.io/anydesk-production-server-breach-and-dark-web-sale-of-18000-accounts/"
"Feb 5, 2024 @ 13:19:00.000","Combined Security Practices Changing the Game for Risk Management","-","-","-","https://thehackernews.com/2024/02/combined-security-practices-changing.html"
"Feb 5, 2024 @ 13:18:00.000","Patchwork Using Romance Scam Lures to Infect Android Devices with VajraSpy Malware","-","-","-","https://thehackernews.com/2024/02/patchwork-using-romance-scam-lures-to.html"
"Feb 5, 2024 @ 13:04:08.000","The Prime Hunt v1.4.2: Chronicle Security Support & Mail Templates for Streamlined IOC Sharing","-","-","-","https://socprime.com/news/the-prime-hunt-v1-4-2-chronicle-security-support-mail-templates-for-streamlined-ioc-sharing/"
"Feb 5, 2024 @ 12:38:20.000","LockBit Ransomware Group Demands $11 Million From Government to Unlock Files","-","-","-","https://cybersecuritynews.com/lockbit-ransomware/"
"Feb 5, 2024 @ 12:13:29.000","Latest Critical Vulnerabilities in Juniper Secure Analytics and Mastodon: CVE-2023-37920, CVE-2021-4048, CVE-2024-23832","-","CVE-2023-37920","7.5","https://socradar.io/latest-critical-vulnerabilities-in-juniper-secure-analytics-and-mastodon-cve-2023-37920-cve-2021-4048-cve-2024-23832/"
"Feb 5, 2024 @ 12:00:00.000","Deepfakes, dollars and ‘deep state’ fears: Inside the minds of election officials heading into 2024","-","-","-","https://cyberscoop.com/deepfakes-dollars-deep-state-fears-election-officials-concerns-2024/"
"Feb 5, 2024 @ 11:39:55.000","African Cybersecurity: Facing 2024's Biggest Hurdles","-","-","-","https://www.darkreading.com/cybersecurity-operations/africa-cybersecurity-facing-2024-biggest-hurdles"
"Feb 5, 2024 @ 11:12:00.000","Hands-On Review: SASE-based XDR from Cato Networks","-","-","-","https://thehackernews.com/2024/02/hands-on-review-sase-based-xdr-from.html"
"Feb 5, 2024 @ 11:08:24.000","10 Best HIPPA Compliance Security Service Providers – 2024","-","-","-","https://cybersecuritynews.com/hippa-compliance-service/"
"Feb 5, 2024 @ 11:00:03.000","Ransomware Retrospective 2024: Unit 42 Leak Site Analysis","-","-","-","https://unit42.paloaltonetworks.com/unit-42-ransomware-leak-site-data-analysis/"
"Feb 5, 2024 @ 11:00:00.000","2054, Part I: Death of a President","-","-","-","https://www.wired.com/story/2054-part-i-death-of-a-president/"
"Feb 5, 2024 @ 10:50:15.000","Crooks stole $25.5 million from a multinational firm using a ‘deepfake’ video call","-","-","-","https://securityaffairs.com/158651/cyber-crime/cyber-heist-with-deepfake-tech.html"
"Feb 5, 2024 @ 10:34:58.000","Hackers use Pirated Apps to Hack macOS Machine & Install Malware","-","-","-","https://cybersecuritynews.com/hackers-pirated-apps-hack-macos-machine/"
"Feb 5, 2024 @ 09:23:09.000","10 Best ISO 27001 Compliant Security Companies – 2024","-","-","-","https://cybersecuritynews.com/iso-27001-compliant-companies/"
"Feb 5, 2024 @ 07:38:38.000"," A week in security (January 29 &#8211; February 4) ","-","-","-","https://www.malwarebytes.com/blog/news/2024/02/a-week-in-security-january-29-february-4"
"Feb 5, 2024 @ 07:37:00.000","Pegasus Spyware Targeted iPhones of Journalists and Activists in Jordan","-","-","-","https://thehackernews.com/2024/02/pegasus-spyware-targeted-iphones-of.html"
"Feb 5, 2024 @ 07:36:46.000","How Spoutible’s Leaky API Spurted out a Deluge of Personal Data","-","-","-","https://www.troyhunt.com/how-spoutibles-leaky-api-spurted-out-a-deluge-of-personal-data/"
"Feb 5, 2024 @ 07:18:48.000","Software firm AnyDesk disclosed a security breach","-","-","-","https://securityaffairs.com/158632/hacking/anydesk-disclosed-security-breach.html"
"Feb 5, 2024 @ 06:37:07.000","Commando Cat Attacking Docker Endpoints to Install Crypto Miners","-","-","-","https://cybersecuritynews.com/commando-cat-attacking-docker-endpoints/"
"Feb 5, 2024 @ 06:00:00.000","ZDI-24-086: TP-Link Omada ER605 Access Control Command Injection Remote Code Execution Vulnerability","-","CVE-2024-1180","-","http://www.zerodayinitiative.com/advisories/ZDI-24-086/"
"Feb 5, 2024 @ 06:00:00.000","ZDI-24-085: (Pwn2Own) TP-Link Omada ER605 DHCPv6 Client Options Stack-based Buffer Overflow Remote Code Execution Vulnerability","-","CVE-2024-1179","-","http://www.zerodayinitiative.com/advisories/ZDI-24-085/"
"Feb 5, 2024 @ 03:45:00.000","New Mispadu Banking Trojan Exploiting Windows SmartScreen Flaw","-","-","-","https://thehackernews.com/2024/02/new-mispadu-banking-trojan-exploiting.html"
"Feb 5, 2024 @ 02:01:04.000","Weekly Update 385","-","-","-","https://www.troyhunt.com/weekly-update-385/"
"Feb 5, 2024 @ 01:27:08.000","SBF likely off the hook for misplaced FTX funds after cops bust SIM swap ring","-","-","-","https://go.theregister.com/feed/www.theregister.com/2024/02/05/sbf_off_the_hook_for/"
"Feb 5, 2024 @ 00:00:00.000","Risky Biz News: Two Iranian cyber groups doxed in a week","-","-","-","https://risky.biz/RBNEWS245"
"Feb 4, 2024 @ 21:19:00.000","The ‘Mother of all Breaches’: Navigating the Aftermath and Fortifying Your Data with DSPM","-","-","-","https://securityaffairs.com/158646/data-breach/mother-of-all-breaches-dspm.html"
"Feb 4, 2024 @ 18:20:24.000","US government imposed sanctions on six Iranian intel officials","-","-","-","https://securityaffairs.com/158621/cyber-warfare-2/iranian-intel-officials-sanctions-critical-infrastructure.html"
"Feb 4, 2024 @ 17:26:16.000","Microsoft is bringing the Linux sudo command to Windows Server","-","-","-","https://www.bleepingcomputer.com/news/microsoft/microsoft-is-bringing-the-linux-sudo-command-to-windows-server/"
"Feb 4, 2024 @ 15:17:34.000","Leaky Vessels flaws allow hackers to escape Docker, runc containers","-","-","-","https://www.bleepingcomputer.com/news/security/leaky-vessels-flaws-allow-hackers-to-escape-docker-runc-containers/"
"Feb 4, 2024 @ 14:46:17.000","A cyberattack impacted operations at Lurie Children’s Hospital","-","-","-","https://securityaffairs.com/158609/cyber-crime/lurie-childrens-hospital-cyberattack.html"
"Feb 4, 2024 @ 10:51:54.000","AnyDesk Incident: Customer Credentials Leaked and Published for Sale on the Dark Web","-","-","-","https://securityaffairs.com/158595/cyber-crime/anydesk-credentials-leaked-dark-web.html"
"Feb 4, 2024 @ 02:21:31.000","URGENT: AnyDesk Servers Hacked, Customers Urged to Reset Passwords","-","-","-","https://cybersecuritynews.com/anydesk-servers-hacked/"
"Feb 4, 2024 @ 00:00:00.000","Sponsored: Haroon Meer of Thinkst Canary on how attackers own networks","-","-","-","https://risky.biz/RBNEWSSI29"
"Feb 3, 2024 @ 21:34:14.000","Clorox says cyberattack caused $49 million in expenses","-","-","-","https://www.bleepingcomputer.com/news/security/clorox-says-cyberattack-caused-49-million-in-expenses/"
"Feb 3, 2024 @ 19:14:48.000","Check if you're in Google Chrome's third-party cookie phaseout test","-","-","-","https://www.bleepingcomputer.com/news/google/check-if-youre-in-google-chromes-third-party-cookie-phaseout-test/"
"Feb 3, 2024 @ 15:40:28.000","Mastodon fixed a flaw that can allow the takeover of any account","-","CVE-2024-23832","9.4","https://securityaffairs.com/158565/hacking/mastodon-take-over-issue.html"
"Feb 3, 2024 @ 15:09:18.000","Mastodon vulnerability allows attackers to take over accounts","-","-","-","https://www.bleepingcomputer.com/news/security/mastodon-vulnerability-allows-attackers-to-take-over-accounts/"
"Feb 3, 2024 @ 14:00:00.000","China’s Hackers Keep Targeting US Water and Electricity Supplies","-","-","-","https://www.wired.com/story/china-hackers-us-water-electricity-moreno-vault-7/"
"Feb 3, 2024 @ 13:26:43.000","AnyDesk Urges Password Change Amid Security Breach","-","-","-","https://www.hackread.com/anydesk-urges-password-change-security-breach/"
"Feb 3, 2024 @ 11:29:39.000","What is Firewall-as-a-Service (FWaaS)? How Does It Work?","-","-","-","https://cybersecuritynews.com/fwaas/"
"Feb 3, 2024 @ 09:30:08.000","Researchers remotely exploit devices used to manage safe aircraft landings and takeoffs","-","-","-","https://go.theregister.com/feed/www.theregister.com/2024/02/03/researchers_remotely_exploit_devices_used/"
"Feb 3, 2024 @ 07:33:00.000","U.S. Sanctions 6 Iranian Officials for Critical Infrastructure Cyber Attacks","-","-","-","https://thehackernews.com/2024/02/us-sanctions-6-iranian-officials-for.html"
"Feb 3, 2024 @ 06:51:00.000","Mastodon Vulnerability Allows Hackers to Hijack Any Decentralized Account","-","CVE-2024-23832","9.4","https://thehackernews.com/2024/02/mastodon-vulnerability-allows-hackers.html"
"Feb 3, 2024 @ 02:55:00.000","AnyDesk Hacked: Popular Remote Desktop Software Mandates Password Reset","-","-","-","https://thehackernews.com/2024/02/anydesk-hacked-popular-remote-desktop.html"
"Feb 2, 2024 @ 23:33:19.000","The Week in Ransomware - February 2nd 2024 - No honor among thieves","-","-","-","https://www.bleepingcomputer.com/news/security/the-week-in-ransomware-february-2nd-2024-no-honor-among-thieves/"
"Feb 2, 2024 @ 23:21:24.000","Iranian hackers breached Albania’s Institute of Statistics (INSTAT)","-","-","-","https://securityaffairs.com/158555/hacking/iranian-hackers-hit-albania-instat.html"
"Feb 2, 2024 @ 22:56:56.000","Forget Deepfakes or Phishing: Prompt Injection is GenAI's Biggest Problem","-","-","-","https://www.darkreading.com/cyber-risk/forget-deepfakes-or-phishing-prompt-injection-is-genai-s-biggest-problem"
"Feb 2, 2024 @ 22:16:03.000","AnyDesk says hackers breached its production servers, reset passwords","-","-","-","https://www.bleepingcomputer.com/news/security/anydesk-says-hackers-breached-its-production-servers-reset-passwords/"
"Feb 2, 2024 @ 21:44:09.000","CISO Corner: Gen Z Challenges, CISO Liability &amp; Cathay Pacific Case Study","-","-","-","https://www.darkreading.com/ics-ot-security/ciso-corner-gen-z-challenges-ciso-liability-cathay-pacific"
"Feb 2, 2024 @ 21:15:59.000","Myanmar Hands Over Mob Bosses in Cyber-Fraud Bust","-","-","-","https://www.darkreading.com/threat-intelligence/myanmar-hands-over-10-suspects-cyber-fraud-bust"
"Feb 2, 2024 @ 21:12:20.000","Blackbaud settles with FTC after that IT breach exposed millions of people's info","-","-","-","https://go.theregister.com/feed/www.theregister.com/2024/02/02/ftc_blackbaud_settlement/"
"Feb 2, 2024 @ 20:03:22.000","macOS Malware Campaign Showcases Novel Delivery Technique","-","-","-","https://www.darkreading.com/cyberattacks-data-breaches/macos-malware-campaign-showcases-novel-delivery-technique"
"Feb 2, 2024 @ 19:26:43.000","A startup allegedly “hacked the world.” Then came the censorship—and now the backlash.","-","-","-","https://arstechnica.com/?p=2000875"
"Feb 2, 2024 @ 18:32:09.000","Critical vulnerability in Mastodon is pounced upon by fast-acting admins","-","-","-","https://go.theregister.com/feed/www.theregister.com/2024/02/02/critical_vulnerability_in_mastodon_is/"
"Feb 2, 2024 @ 18:27:13.000","Vendor Email Compromise Attacks Against Financial Services Surge 137% Last Year","-","-","-","https://blog.knowbe4.com/vendor-email-compromise-attacks-against-financial-services-surge-137"
"Feb 2, 2024 @ 18:07:45.000","Interpol's 'Synergia' Op Nabs Dozens of Cybercriminals, Zaps Global C2s","-","-","-","https://www.darkreading.com/threat-intelligence/interpol-synergia-dozens-cybercriminals-zaps-global-c2s"
"Feb 2, 2024 @ 18:00:07.000","U.S. government sanctions Iranian officials over Pennsylvania water facility hack","-","-","-","https://cyberscoop.com/u-s-government-sanctions-iranian-officials-over-pennsylvania-water-facility-hack/"
"Feb 2, 2024 @ 17:59:27.000","Mispadu Stealer’s New Variant Targets Browser Data of Mexican Users","-","-","-","https://www.hackread.com/mispadu-stealers-variant-browser-data-mexico/"
"Feb 2, 2024 @ 16:23:48.000","Lurie Children's Hospital took systems offline after cyberattack","-","-","-","https://www.bleepingcomputer.com/news/security/lurie-childrens-hospital-took-systems-offline-after-cyberattack/"
"Feb 2, 2024 @ 16:12:17.000","South African Railways Lost Over $1M in Phishing Scam","-","-","-","https://www.darkreading.com/endpoint-security/south-african-railways-reports-1m-phishing"
"Feb 2, 2024 @ 16:05:56.000","Fortra GoAnywhere MFT Unauthenticated Remote Code Execution","-","-","-","https://packetstormsecurity.com/files/176974/fortra_goanywhere_mft_rce_cve_2024_0204.rb.txt"
"Feb 2, 2024 @ 16:00:37.000","FTC slams Blackbaud for “shoddy security” after hacker stole data belonging to thousands of non-profits and millions of people","-","-","-","https://www.bitdefender.com/blog/hotforsecurity/ftc-slams-blackbaud-for-shoddy-security-after-hacker-stole-data-belonging-to-thousands-of-non-profits-and-millions-of-people/"
"Feb 2, 2024 @ 16:00:03.000","China is hacking Wi-Fi routers for attack on US electrical grid and water supplies, FBI warns","-","-","-","https://grahamcluley.com/china-is-hacking-wi-fi-routers-for-attack-on-us-electrical-grid-and-water-supplies-fbi-warns/"
"Feb 2, 2024 @ 15:33:26.000","BTC-e server admin indicted for laundering ransom payments, stolen crypto","-","-","-","https://www.bleepingcomputer.com/news/legal/btc-e-server-admin-indicted-for-laundering-ransom-payments-stolen-crypto/"
"Feb 2, 2024 @ 15:24:16.000","Biden To Veto Attempt To Overturn SEC Cyber Incident Disclosure Rules","-","-","-","https://packetstormsecurity.com/news/view/35485/Biden-To-Veto-Attempt-To-Overturn-SEC-Cyber-Incident-Disclosure-Rules.html"
"Feb 2, 2024 @ 15:24:13.000","Cloudflare Hacked By Suspected State-Sponsored Threat Actor","-","-","-","https://packetstormsecurity.com/news/view/35484/Cloudflare-Hacked-By-Suspected-State-Sponsored-Threat-Actor.html"
"Feb 2, 2024 @ 15:24:09.000","Wikileaks Source And Former CIA Worker Joshua Schulte Sentenced To 40 Years Jail","-","-","-","https://packetstormsecurity.com/news/view/35483/Wikileaks-Source-And-Former-CIA-Worker-Joshua-Schulte-Sentenced-To-40-Years-Jail.html"
"Feb 2, 2024 @ 15:24:06.000","Federal Agencies Have Until Feb. 3 To Disconnect Ivanti VPNs","-","-","-","https://packetstormsecurity.com/news/view/35482/Federal-Agencies-Have-Until-Feb.-3-To-Disconnect-Ivanti-VPNs.html"
"Feb 2, 2024 @ 15:24:01.000","31 People Arrested In Global Cybercrime Crackdown","-","-","-","https://packetstormsecurity.com/news/view/35481/31-People-Arrested-In-Global-Cybercrime-Crackdown.html"
"Feb 2, 2024 @ 15:23:33.000","Google Play Used to Spread 'Patchwork' APT's Espionage Apps","-","-","-","https://www.darkreading.com/endpoint-security/google-play-spread-patchwork-apt-espionage-apps"
"Feb 2, 2024 @ 15:19:15.000","Convicted Console Hacker Says He Paid Nintendo $25 A Month From Prison","-","-","-","https://packetstormsecurity.com/news/view/35480/Convicted-Console-Hacker-Says-He-Paid-Nintendo-25-A-Month-From-Prison.html"
"Feb 2, 2024 @ 15:18:07.000","Cops Arrest 17-Year-Old Suspected Of Hundreds Of Swattings Nationwide","-","-","-","https://packetstormsecurity.com/news/view/35479/Cops-Arrest-17-Year-Old-Suspected-Of-Hundreds-Of-Swattings-Nationwide.html"
"Feb 2, 2024 @ 14:49:00.000","Russian APT28 Hackers Targeting High-Value Orgs with NTLM Relay Attacks",APT28,"-","-","https://thehackernews.com/2024/02/russian-apt28-hackers-targeting-high.html"
"Feb 2, 2024 @ 14:30:00.000","Why Gen Z Is the New Force Reshaping OT Security","-","-","-","https://www.darkreading.com/ics-ot-security/why-genz-new-force-reshaping-ot-security"
"Feb 2, 2024 @ 14:18:43.000"," CISA: Disconnect vulnerable Ivanti products TODAY ","-","-","-","https://www.malwarebytes.com/blog/news/2024/02/cisa-disconnect-vulnerable-ivanti-products-today"
"Feb 2, 2024 @ 13:26:15.000","US Disrupts Chinese Botnet that Hijacks SOHO Routers","-","-","-","https://cybersecuritynews.com/us-disrupts-chinese-botnet/"
"Feb 2, 2024 @ 13:17:00.000","DirtyMoe Malware Infects 2,000+ Ukrainian Computers for DDoS and Cryptojacking","-","-","-","https://thehackernews.com/2024/02/dirtymoe-malware-infects-2000-ukrainian.html"
"Feb 2, 2024 @ 13:01:06.000","Interpol's latest cybercrime intervention dismantles ransomware, banking malware servers","-","-","-","https://go.theregister.com/feed/www.theregister.com/2024/02/02/interpols_latest_cybercrime_intervention_dismantles/"
"Feb 2, 2024 @ 13:00:00.000","Cloudflare Falls Victim to Okta Breach, Atlassian Systems Cracked","-","-","-","https://www.darkreading.com/threat-intelligence/cloudflare-falls-victim-okta-breach-atlassian-systems-cracked"
"Feb 2, 2024 @ 12:14:37.000"," FBI removes malware from hundreds of routers across the US ","-","-","-","https://www.malwarebytes.com/blog/news/2024/02/fbi-removes-malware-from-hundreds-of-routers-across-the-us"
"Feb 2, 2024 @ 12:00:00.000","Juniper Networks Releases Security Bulletin for Juniper Secure Analytics","-","-","-","https://www.cisa.gov/news-events/alerts/2024/02/02/juniper-networks-releases-security-bulletin-juniper-secure-analytics"
"Feb 2, 2024 @ 11:18:00.000","Cloudflare’s Server Hacked Using Leaked Access Token in Okta Breach","-","-","-","https://cybersecuritynews.com/cloudflare-server-hacked/"
"Feb 2, 2024 @ 11:00:45.000","Exploring the Latest Mispadu Stealer Variant","-","-","-","https://unit42.paloaltonetworks.com/mispadu-infostealer-variant/"
"Feb 2, 2024 @ 10:40:00.000","Former CIA Engineer Sentenced to 40 Years for Leaking Classified Documents","-","-","-","https://thehackernews.com/2024/02/former-cia-engineer-sentenced-to-40.html"
"Feb 2, 2024 @ 10:30:00.000","Cloudzy Elevates Cybersecurity: Integrating Insights from Recorded Future to Revolutionize Cloud Security","-","-","-","https://thehackernews.com/2024/02/cloudzy-elevates-cybersecurity.html"
"Feb 2, 2024 @ 10:23:00.000","INTERPOL Arrests 31 in Global Operation, Identifies 1,900+ Ransomware-Linked IPs","-","-","-","https://thehackernews.com/2024/02/interpol-arrests-31-in-global-operation.html"
"Feb 2, 2024 @ 10:11:57.000","Setting up 2-Step Verification (2SV)","-","-","-","https://www.ncsc.gov.uk/guidance/setting-2-step-verification-2sv"
"Feb 2, 2024 @ 10:06:01.000","Wikileaks source and former CIA worker Joshua Schulte sentenced to 40 years jail","-","-","-","https://go.theregister.com/feed/www.theregister.com/2024/02/02/vault_7_wikileaks_leaker_joshua/"
"Feb 2, 2024 @ 06:21:00.000","Cloudflare Breach: Nation-State Hackers Access Source Code and Internal Docs","-","-","-","https://thehackernews.com/2024/02/cloudflare-breach-nation-state-hackers.html"
"Feb 2, 2024 @ 03:00:07.000","Managing the hidden risks of shadow APIs","-","-","-","https://go.theregister.com/feed/www.theregister.com/2024/02/02/managing_the_hidden_risks_of/"
"Feb 2, 2024 @ 01:52:39.000","Congress told how Chinese goons plan to incite 'societal chaos' in the US","-","-","-","https://go.theregister.com/feed/www.theregister.com/2024/02/01/china_attack_warning/"
"Feb 2, 2024 @ 01:14:08.000","Cloudflare sheds more light on Thanksgiving security breach in which tokens, source code accessed by suspected spies","-","-","-","https://go.theregister.com/feed/www.theregister.com/2024/02/02/cloudflare_okta_atlassian/"
"Feb 2, 2024 @ 00:00:00.000","Risky Biz News: Ivanti finally releases zero-day patches","-","-","-","https://risky.biz/RBNEWS244"
